date,area,hour,kwh,day_of_week,month
2026-01-14,A1,0,75.22,2,1
2026-01-14,A1,2,68.55,2,1
2026-01-14,A1,4,43.89,2,1
2026-01-14,A1,6,49.14,2,1
2026-01-14,A1,8,38.6,2,1
2026-01-14,A1,10,38.6,2,1
2026-01-14,A1,12,24.74,2,1
2026-01-14,A1,14,22.3,2,1
2026-01-14,A1,16,18.59,2,1
2026-01-14,A1,18,43.26,2,1
2026-01-14,A1,20,65.13,2,1
2026-01-14,A1,22,65.11,2,1
2026-01-14,A2,0,72.54,2,1
2026-01-14,A2,2,49.91,2,1
2026-01-14,A2,4,29.65,2,1
2026-01-14,A2,6,36.63,2,1
2026-01-14,A2,8,33.92,2,1
2026-01-14,A2,10,41.89,2,1
2026-01-14,A2,12,17.28,2,1
2026-01-14,A2,14,15.76,2,1
2026-01-14,A2,16,24.4,2,1
2026-01-14,A2,18,38.65,2,1
2026-01-14,A2,20,70.71,2,1
2026-01-14,A2,22,55.04,2,1
2026-01-14,A3,0,64.28,2,1
2026-01-14,A3,2,71.16,2,1
2026-01-14,A3,4,33.09,2,1
2026-01-14,A3,6,42.25,2,1
2026-01-14,A3,8,36.4,2,1
2026-01-14,A3,10,38.25,2,1
2026-01-14,A3,12,18.19,2,1
2026-01-14,A3,14,25.56,2,1
2026-01-14,A3,16,19.96,2,1
2026-01-14,A3,18,33.65,2,1
2026-01-14,A3,20,78.64,2,1
2026-01-14,A3,22,57.18,2,1
2026-01-14,A4,0,72.19,2,1
2026-01-14,A4,2,49.42,2,1
2026-01-14,A4,4,32.03,2,1
2026-01-14,A4,6,41.18,2,1
2026-01-14,A4,8,44.43,2,1
2026-01-14,A4,10,41.03,2,1
2026-01-14,A4,12,19.65,2,1
2026-01-14,A4,14,19.1,2,1
2026-01-14,A4,16,15.56,2,1
2026-01-14,A4,18,35.68,2,1
2026-01-14,A4,20,65.16,2,1
2026-01-14,A4,22,81.1,2,1
2026-01-14,A5,0,73.61,2,1
2026-01-14,A5,2,51.49,2,1
2026-01-14,A5,4,41.94,2,1
2026-01-14,A5,6,37.69,2,1
2026-01-14,A5,8,35.94,2,1
2026-01-14,A5,10,43.67,2,1
2026-01-14,A5,12,23.09,2,1
2026-01-14,A5,14,22.79,2,1
2026-01-14,A5,16,17.48,2,1
2026-01-14,A5,18,38.14,2,1
2026-01-14,A5,20,73.48,2,1
2026-01-14,A5,22,80.24,2,1
2026-01-14,A6,0,64.97,2,1
2026-01-14,A6,2,68.05,2,1
2026-01-14,A6,4,33.36,2,1
2026-01-14,A6,6,32.82,2,1
2026-01-14,A6,8,44.88,2,1
2026-01-14,A6,10,48.14,2,1
2026-01-14,A6,12,19.78,2,1
2026-01-14,A6,14,23.01,2,1
2026-01-14,A6,16,21.08,2,1
2026-01-14,A6,18,36.13,2,1
2026-01-14,A6,20,73.79,2,1
2026-01-14,A6,22,86.15,2,1
2026-01-14,B1,0,14.92,2,1
2026-01-14,B1,2,18.52,2,1
2026-01-14,B1,4,9.11,2,1
2026-01-14,B1,6,16.85,2,1
2026-01-14,B1,8,35.46,2,1
2026-01-14,B1,10,76.41,2,1
2026-01-14,B1,12,81.1,2,1
2026-01-14,B1,14,56.15,2,1
2026-01-14,B1,16,33.85,2,1
2026-01-14,B1,18,36.87,2,1
2026-01-14,B1,20,42.76,2,1
2026-01-14,B1,22,32.28,2,1
2026-01-14,B2,0,13.18,2,1
2026-01-14,B2,2,13.87,2,1
2026-01-14,B2,4,17.06,2,1
2026-01-14,B2,6,15.74,2,1
2026-01-14,B2,8,32.22,2,1
2026-01-14,B2,10,86.16,2,1
2026-01-14,B2,12,81.16,2,1
2026-01-14,B2,14,91.62,2,1
2026-01-14,B2,16,31.31,2,1
2026-01-14,B2,18,33.28,2,1
2026-01-14,B2,20,32.94,2,1
2026-01-14,B2,22,27.32,2,1
2026-01-14,B3,0,15.67,2,1
2026-01-14,B3,2,15.59,2,1
2026-01-14,B3,4,15.01,2,1
2026-01-14,B3,6,14.47,2,1
2026-01-14,B3,8,27.57,2,1
2026-01-14,B3,10,74.95,2,1
2026-01-14,B3,12,75.89,2,1
2026-01-14,B3,14,70.37,2,1
2026-01-14,B3,16,34.15,2,1
2026-01-14,B3,18,37.12,2,1
2026-01-14,B3,20,44.9,2,1
2026-01-14,B3,22,35.92,2,1
2026-01-14,C1,0,72.7,2,1
2026-01-14,C1,2,69.22,2,1
2026-01-14,C1,4,28.49,2,1
2026-01-14,C1,6,39.84,2,1
2026-01-14,C1,8,40.36,2,1
2026-01-14,C1,10,54.78,2,1
2026-01-14,C1,12,19.42,2,1
2026-01-14,C1,14,20.9,2,1
2026-01-14,C1,16,19.9,2,1
2026-01-14,C1,18,32.99,2,1
2026-01-14,C1,20,82.0,2,1
2026-01-14,C1,22,77.9,2,1
2026-01-14,C2,0,78.31,2,1
2026-01-14,C2,2,60.45,2,1
2026-01-14,C2,4,48.42,2,1
2026-01-14,C2,6,31.59,2,1
2026-01-14,C2,8,43.52,2,1
2026-01-14,C2,10,53.14,2,1
2026-01-14,C2,12,17.03,2,1
2026-01-14,C2,14,18.3,2,1
2026-01-14,C2,16,20.3,2,1
2026-01-14,C2,18,36.98,2,1
2026-01-14,C2,20,53.72,2,1
2026-01-14,C2,22,70.72,2,1
2026-01-14,C3,0,58.85,2,1
2026-01-14,C3,2,74.97,2,1
2026-01-14,C3,4,34.48,2,1
2026-01-14,C3,6,49.3,2,1
2026-01-14,C3,8,35.3,2,1
2026-01-14,C3,10,38.07,2,1
2026-01-14,C3,12,22.44,2,1
2026-01-14,C3,14,16.31,2,1
2026-01-14,C3,16,20.68,2,1
2026-01-14,C3,18,47.84,2,1
2026-01-14,C3,20,53.12,2,1
2026-01-14,C3,22,71.94,2,1
2026-01-14,C4,0,72.73,2,1
2026-01-14,C4,2,78.21,2,1
2026-01-14,C4,4,32.58,2,1
2026-01-14,C4,6,32.08,2,1
2026-01-14,C4,8,43.13,2,1
2026-01-14,C4,10,41.78,2,1
2026-01-14,C4,12,20.75,2,1
2026-01-14,C4,14,21.04,2,1
2026-01-14,C4,16,17.96,2,1
2026-01-14,C4,18,41.39,2,1
2026-01-14,C4,20,73.08,2,1
2026-01-14,C4,22,62.5,2,1
2026-01-14,C5,0,89.59,2,1
2026-01-14,C5,2,74.98,2,1
2026-01-14,C5,4,32.85,2,1
2026-01-14,C5,6,43.94,2,1
2026-01-14,C5,8,34.15,2,1
2026-01-14,C5,10,44.72,2,1
2026-01-14,C5,12,23.48,2,1
2026-01-14,C5,14,17.54,2,1
2026-01-14,C5,16,22.89,2,1
2026-01-14,C5,18,42.48,2,1
2026-01-14,C5,20,78.63,2,1
2026-01-14,C5,22,89.92,2,1
2026-01-14,C6,0,67.42,2,1
2026-01-14,C6,2,62.09,2,1
2026-01-14,C6,4,34.66,2,1
2026-01-14,C6,6,35.11,2,1
2026-01-14,C6,8,39.54,2,1
2026-01-14,C6,10,42.05,2,1
2026-01-14,C6,12,20.83,2,1
2026-01-14,C6,14,22.48,2,1
2026-01-14,C6,16,20.04,2,1
2026-01-14,C6,18,48.72,2,1
2026-01-14,C6,20,67.22,2,1
2026-01-14,C6,22,98.56,2,1
2026-01-14,Common Area,0,76.57,2,1
2026-01-14,Common Area,2,61.0,2,1
2026-01-14,Common Area,4,33.57,2,1
2026-01-14,Common Area,6,42.89,2,1
2026-01-14,Common Area,8,38.66,2,1
2026-01-14,Common Area,10,44.28,2,1
2026-01-14,Common Area,12,21.42,2,1
2026-01-14,Common Area,14,19.78,2,1
2026-01-14,Common Area,16,17.46,2,1
2026-01-14,Common Area,18,30.91,2,1
2026-01-14,Common Area,20,65.31,2,1
2026-01-14,Common Area,22,78.99,2,1
2026-01-15,A1,0,72.25,3,1
2026-01-15,A1,2,56.92,3,1
2026-01-15,A1,4,41.04,3,1
2026-01-15,A1,6,42.31,3,1
2026-01-15,A1,8,34.7,3,1
2026-01-15,A1,10,40.92,3,1
2026-01-15,A1,12,20.17,3,1
2026-01-15,A1,14,16.57,3,1
2026-01-15,A1,16,21.07,3,1
2026-01-15,A1,18,43.36,3,1
2026-01-15,A1,20,81.37,3,1
2026-01-15,A1,22,81.06,3,1
2026-01-15,A2,0,55.53,3,1
2026-01-15,A2,2,60.15,3,1
2026-01-15,A2,4,43.09,3,1
2026-01-15,A2,6,43.08,3,1
2026-01-15,A2,8,43.09,3,1
2026-01-15,A2,10,63.12,3,1
2026-01-15,A2,12,21.71,3,1
2026-01-15,A2,14,23.41,3,1
2026-01-15,A2,16,22.86,3,1
2026-01-15,A2,18,43.91,3,1
2026-01-15,A2,20,66.69,3,1
2026-01-15,A2,22,77.97,3,1
2026-01-15,A3,0,61.89,3,1
2026-01-15,A3,2,67.51,3,1
2026-01-15,A3,4,37.09,3,1
2026-01-15,A3,6,40.49,3,1
2026-01-15,A3,8,53.89,3,1
2026-01-15,A3,10,28.8,3,1
2026-01-15,A3,12,22.06,3,1
2026-01-15,A3,14,15.16,3,1
2026-01-15,A3,16,18.58,3,1
2026-01-15,A3,18,46.53,3,1
2026-01-15,A3,20,70.67,3,1
2026-01-15,A3,22,58.68,3,1
2026-01-15,A4,0,62.49,3,1
2026-01-15,A4,2,77.14,3,1
2026-01-15,A4,4,35.62,3,1
2026-01-15,A4,6,41.3,3,1
2026-01-15,A4,8,40.27,3,1
2026-01-15,A4,10,36.09,3,1
2026-01-15,A4,12,26.43,3,1
2026-01-15,A4,14,21.9,3,1
2026-01-15,A4,16,13.92,3,1
2026-01-15,A4,18,41.12,3,1
2026-01-15,A4,20,63.05,3,1
2026-01-15,A4,22,78.95,3,1
2026-01-15,A5,0,61.68,3,1
2026-01-15,A5,2,68.8,3,1
2026-01-15,A5,4,43.03,3,1
2026-01-15,A5,6,45.19,3,1
2026-01-15,A5,8,32.8,3,1
2026-01-15,A5,10,37.99,3,1
2026-01-15,A5,12,18.58,3,1
2026-01-15,A5,14,18.04,3,1
2026-01-15,A5,16,25.3,3,1
2026-01-15,A5,18,42.43,3,1
2026-01-15,A5,20,56.76,3,1
2026-01-15,A5,22,79.64,3,1
2026-01-15,A6,0,92.28,3,1
2026-01-15,A6,2,80.84,3,1
2026-01-15,A6,4,30.88,3,1
2026-01-15,A6,6,37.09,3,1
2026-01-15,A6,8,47.6,3,1
2026-01-15,A6,10,35.75,3,1
2026-01-15,A6,12,21.33,3,1
2026-01-15,A6,14,22.32,3,1
2026-01-15,A6,16,17.22,3,1
2026-01-15,A6,18,39.64,3,1
2026-01-15,A6,20,35.97,3,1
2026-01-15,A6,22,59.24,3,1
2026-01-15,B1,0,14.43,3,1
2026-01-15,B1,2,12.19,3,1
2026-01-15,B1,4,18.67,3,1
2026-01-15,B1,6,11.78,3,1
2026-01-15,B1,8,32.69,3,1
2026-01-15,B1,10,81.57,3,1
2026-01-15,B1,12,97.3,3,1
2026-01-15,B1,14,62.77,3,1
2026-01-15,B1,16,41.11,3,1
2026-01-15,B1,18,35.05,3,1
2026-01-15,B1,20,29.85,3,1
2026-01-15,B1,22,37.43,3,1
2026-01-15,B2,0,15.45,3,1
2026-01-15,B2,2,13.65,3,1
2026-01-15,B2,4,15.16,3,1
2026-01-15,B2,6,14.13,3,1
2026-01-15,B2,8,35.6,3,1
2026-01-15,B2,10,87.95,3,1
2026-01-15,B2,12,99.03,3,1
2026-01-15,B2,14,65.15,3,1
2026-01-15,B2,16,46.2,3,1
2026-01-15,B2,18,24.75,3,1
2026-01-15,B2,20,34.2,3,1
2026-01-15,B2,22,38.09,3,1
2026-01-15,B3,0,15.63,3,1
2026-01-15,B3,2,13.6,3,1
2026-01-15,B3,4,14.53,3,1
2026-01-15,B3,6,13.89,3,1
2026-01-15,B3,8,31.91,3,1
2026-01-15,B3,10,90.2,3,1
2026-01-15,B3,12,84.28,3,1
2026-01-15,B3,14,71.69,3,1
2026-01-15,B3,16,39.72,3,1
2026-01-15,B3,18,36.61,3,1
2026-01-15,B3,20,39.27,3,1
2026-01-15,B3,22,38.31,3,1
2026-01-15,C1,0,61.3,3,1
2026-01-15,C1,2,64.12,3,1
2026-01-15,C1,4,44.48,3,1
2026-01-15,C1,6,43.66,3,1
2026-01-15,C1,8,39.87,3,1
2026-01-15,C1,10,40.7,3,1
2026-01-15,C1,12,23.83,3,1
2026-01-15,C1,14,18.23,3,1
2026-01-15,C1,16,21.64,3,1
2026-01-15,C1,18,38.79,3,1
2026-01-15,C1,20,67.71,3,1
2026-01-15,C1,22,81.54,3,1
2026-01-15,C2,0,78.67,3,1
2026-01-15,C2,2,78.54,3,1
2026-01-15,C2,4,47.83,3,1
2026-01-15,C2,6,40.13,3,1
2026-01-15,C2,8,44.09,3,1
2026-01-15,C2,10,38.14,3,1
2026-01-15,C2,12,20.97,3,1
2026-01-15,C2,14,19.61,3,1
2026-01-15,C2,16,20.29,3,1
2026-01-15,C2,18,43.57,3,1
2026-01-15,C2,20,61.41,3,1
2026-01-15,C2,22,91.97,3,1
2026-01-15,C3,0,59.44,3,1
2026-01-15,C3,2,57.25,3,1
2026-01-15,C3,4,46.95,3,1
2026-01-15,C3,6,44.75,3,1
2026-01-15,C3,8,43.74,3,1
2026-01-15,C3,10,43.77,3,1
2026-01-15,C3,12,19.96,3,1
2026-01-15,C3,14,17.31,3,1
2026-01-15,C3,16,20.23,3,1
2026-01-15,C3,18,35.94,3,1
2026-01-15,C3,20,80.24,3,1
2026-01-15,C3,22,68.46,3,1
2026-01-15,C4,0,61.33,3,1
2026-01-15,C4,2,66.63,3,1
2026-01-15,C4,4,42.48,3,1
2026-01-15,C4,6,36.62,3,1
2026-01-15,C4,8,35.07,3,1
2026-01-15,C4,10,41.46,3,1
2026-01-15,C4,12,20.73,3,1
2026-01-15,C4,14,18.48,3,1
2026-01-15,C4,16,18.59,3,1
2026-01-15,C4,18,41.39,3,1
2026-01-15,C4,20,54.8,3,1
2026-01-15,C4,22,55.22,3,1
2026-01-15,C5,0,62.46,3,1
2026-01-15,C5,2,67.76,3,1
2026-01-15,C5,4,41.87,3,1
2026-01-15,C5,6,48.85,3,1
2026-01-15,C5,8,45.15,3,1
2026-01-15,C5,10,39.04,3,1
2026-01-15,C5,12,19.94,3,1
2026-01-15,C5,14,16.99,3,1
2026-01-15,C5,16,19.94,3,1
2026-01-15,C5,18,38.27,3,1
2026-01-15,C5,20,73.39,3,1
2026-01-15,C5,22,61.31,3,1
2026-01-15,C6,0,75.45,3,1
2026-01-15,C6,2,86.09,3,1
2026-01-15,C6,4,39.35,3,1
2026-01-15,C6,6,42.41,3,1
2026-01-15,C6,8,44.14,3,1
2026-01-15,C6,10,37.59,3,1
2026-01-15,C6,12,20.67,3,1
2026-01-15,C6,14,20.04,3,1
2026-01-15,C6,16,20.29,3,1
2026-01-15,C6,18,35.36,3,1
2026-01-15,C6,20,70.26,3,1
2026-01-15,C6,22,75.23,3,1
2026-01-15,Common Area,0,85.24,3,1
2026-01-15,Common Area,2,80.07,3,1
2026-01-15,Common Area,4,52.92,3,1
2026-01-15,Common Area,6,35.4,3,1
2026-01-15,Common Area,8,45.23,3,1
2026-01-15,Common Area,10,41.1,3,1
2026-01-15,Common Area,12,26.57,3,1
2026-01-15,Common Area,14,17.58,3,1
2026-01-15,Common Area,16,17.48,3,1
2026-01-15,Common Area,18,36.4,3,1
2026-01-15,Common Area,20,47.7,3,1
2026-01-15,Common Area,22,64.48,3,1
2026-01-16,A1,0,62.03,4,1
2026-01-16,A1,2,71.58,4,1
2026-01-16,A1,4,42.05,4,1
2026-01-16,A1,6,51.26,4,1
2026-01-16,A1,8,45.7,4,1
2026-01-16,A1,10,36.54,4,1
2026-01-16,A1,12,17.3,4,1
2026-01-16,A1,14,21.48,4,1
2026-01-16,A1,16,16.04,4,1
2026-01-16,A1,18,50.99,4,1
2026-01-16,A1,20,82.38,4,1
2026-01-16,A1,22,65.07,4,1
2026-01-16,A2,0,52.01,4,1
2026-01-16,A2,2,84.22,4,1
2026-01-16,A2,4,39.31,4,1
2026-01-16,A2,6,47.43,4,1
2026-01-16,A2,8,30.43,4,1
2026-01-16,A2,10,36.4,4,1
2026-01-16,A2,12,20.02,4,1
2026-01-16,A2,14,20.14,4,1
2026-01-16,A2,16,18.65,4,1
2026-01-16,A2,18,43.74,4,1
2026-01-16,A2,20,58.79,4,1
2026-01-16,A2,22,68.51,4,1
2026-01-16,A3,0,71.26,4,1
2026-01-16,A3,2,75.4,4,1
2026-01-16,A3,4,44.27,4,1
2026-01-16,A3,6,33.25,4,1
2026-01-16,A3,8,30.8,4,1
2026-01-16,A3,10,47.67,4,1
2026-01-16,A3,12,21.0,4,1
2026-01-16,A3,14,17.75,4,1
2026-01-16,A3,16,24.65,4,1
2026-01-16,A3,18,40.69,4,1
2026-01-16,A3,20,82.38,4,1
2026-01-16,A3,22,70.71,4,1
2026-01-16,A4,0,91.64,4,1
2026-01-16,A4,2,88.43,4,1
2026-01-16,A4,4,38.51,4,1
2026-01-16,A4,6,45.83,4,1
2026-01-16,A4,8,43.87,4,1
2026-01-16,A4,10,48.21,4,1
2026-01-16,A4,12,17.11,4,1
2026-01-16,A4,14,22.06,4,1
2026-01-16,A4,16,23.18,4,1
2026-01-16,A4,18,29.45,4,1
2026-01-16,A4,20,57.58,4,1
2026-01-16,A4,22,48.59,4,1
2026-01-16,A5,0,67.17,4,1
2026-01-16,A5,2,77.53,4,1
2026-01-16,A5,4,49.01,4,1
2026-01-16,A5,6,40.44,4,1
2026-01-16,A5,8,49.77,4,1
2026-01-16,A5,10,31.72,4,1
2026-01-16,A5,12,14.89,4,1
2026-01-16,A5,14,19.83,4,1
2026-01-16,A5,16,21.15,4,1
2026-01-16,A5,18,39.8,4,1
2026-01-16,A5,20,48.29,4,1
2026-01-16,A5,22,69.06,4,1
2026-01-16,A6,0,56.3,4,1
2026-01-16,A6,2,77.03,4,1
2026-01-16,A6,4,42.2,4,1
2026-01-16,A6,6,34.36,4,1
2026-01-16,A6,8,36.92,4,1
2026-01-16,A6,10,33.64,4,1
2026-01-16,A6,12,19.81,4,1
2026-01-16,A6,14,22.87,4,1
2026-01-16,A6,16,17.04,4,1
2026-01-16,A6,18,43.02,4,1
2026-01-16,A6,20,64.43,4,1
2026-01-16,A6,22,61.67,4,1
2026-01-16,B1,0,14.76,4,1
2026-01-16,B1,2,12.67,4,1
2026-01-16,B1,4,13.75,4,1
2026-01-16,B1,6,12.3,4,1
2026-01-16,B1,8,45.31,4,1
2026-01-16,B1,10,80.42,4,1
2026-01-16,B1,12,71.6,4,1
2026-01-16,B1,14,82.57,4,1
2026-01-16,B1,16,34.41,4,1
2026-01-16,B1,18,33.84,4,1
2026-01-16,B1,20,38.22,4,1
2026-01-16,B1,22,38.98,4,1
2026-01-16,B2,0,13.81,4,1
2026-01-16,B2,2,13.7,4,1
2026-01-16,B2,4,14.38,4,1
2026-01-16,B2,6,9.82,4,1
2026-01-16,B2,8,27.05,4,1
2026-01-16,B2,10,96.4,4,1
2026-01-16,B2,12,99.74,4,1
2026-01-16,B2,14,77.01,4,1
2026-01-16,B2,16,38.03,4,1
2026-01-16,B2,18,36.63,4,1
2026-01-16,B2,20,51.16,4,1
2026-01-16,B2,22,40.88,4,1
2026-01-16,B3,0,14.71,4,1
2026-01-16,B3,2,12.85,4,1
2026-01-16,B3,4,11.39,4,1
2026-01-16,B3,6,15.46,4,1
2026-01-16,B3,8,31.03,4,1
2026-01-16,B3,10,62.93,4,1
2026-01-16,B3,12,72.24,4,1
2026-01-16,B3,14,67.02,4,1
2026-01-16,B3,16,43.86,4,1
2026-01-16,B3,18,39.63,4,1
2026-01-16,B3,20,34.96,4,1
2026-01-16,B3,22,42.77,4,1
2026-01-16,C1,0,70.81,4,1
2026-01-16,C1,2,60.96,4,1
2026-01-16,C1,4,49.14,4,1
2026-01-16,C1,6,43.23,4,1
2026-01-16,C1,8,33.78,4,1
2026-01-16,C1,10,38.86,4,1
2026-01-16,C1,12,17.37,4,1
2026-01-16,C1,14,15.85,4,1
2026-01-16,C1,16,22.78,4,1
2026-01-16,C1,18,51.46,4,1
2026-01-16,C1,20,55.32,4,1
2026-01-16,C1,22,75.91,4,1
2026-01-16,C2,0,63.17,4,1
2026-01-16,C2,2,64.89,4,1
2026-01-16,C2,4,36.45,4,1
2026-01-16,C2,6,34.82,4,1
2026-01-16,C2,8,40.29,4,1
2026-01-16,C2,10,35.01,4,1
2026-01-16,C2,12,20.81,4,1
2026-01-16,C2,14,19.85,4,1
2026-01-16,C2,16,19.28,4,1
2026-01-16,C2,18,34.55,4,1
2026-01-16,C2,20,63.94,4,1
2026-01-16,C2,22,77.93,4,1
2026-01-16,C3,0,75.26,4,1
2026-01-16,C3,2,59.74,4,1
2026-01-16,C3,4,40.6,4,1
2026-01-16,C3,6,44.51,4,1
2026-01-16,C3,8,29.98,4,1
2026-01-16,C3,10,43.26,4,1
2026-01-16,C3,12,18.01,4,1
2026-01-16,C3,14,21.71,4,1
2026-01-16,C3,16,17.71,4,1
2026-01-16,C3,18,29.17,4,1
2026-01-16,C3,20,52.91,4,1
2026-01-16,C3,22,70.5,4,1
2026-01-16,C4,0,72.73,4,1
2026-01-16,C4,2,60.5,4,1
2026-01-16,C4,4,43.83,4,1
2026-01-16,C4,6,30.03,4,1
2026-01-16,C4,8,39.6,4,1
2026-01-16,C4,10,32.73,4,1
2026-01-16,C4,12,18.04,4,1
2026-01-16,C4,14,20.14,4,1
2026-01-16,C4,16,17.42,4,1
2026-01-16,C4,18,37.69,4,1
2026-01-16,C4,20,80.57,4,1
2026-01-16,C4,22,63.94,4,1
2026-01-16,C5,0,78.77,4,1
2026-01-16,C5,2,58.14,4,1
2026-01-16,C5,4,43.18,4,1
2026-01-16,C5,6,48.65,4,1
2026-01-16,C5,8,25.17,4,1
2026-01-16,C5,10,35.22,4,1
2026-01-16,C5,12,21.73,4,1
2026-01-16,C5,14,19.39,4,1
2026-01-16,C5,16,21.11,4,1
2026-01-16,C5,18,36.38,4,1
2026-01-16,C5,20,70.91,4,1
2026-01-16,C5,22,68.37,4,1
2026-01-16,C6,0,82.26,4,1
2026-01-16,C6,2,72.67,4,1
2026-01-16,C6,4,42.03,4,1
2026-01-16,C6,6,37.53,4,1
2026-01-16,C6,8,37.07,4,1
2026-01-16,C6,10,37.4,4,1
2026-01-16,C6,12,21.18,4,1
2026-01-16,C6,14,18.74,4,1
2026-01-16,C6,16,20.87,4,1
2026-01-16,C6,18,52.45,4,1
2026-01-16,C6,20,79.15,4,1
2026-01-16,C6,22,66.58,4,1
2026-01-16,Common Area,0,82.61,4,1
2026-01-16,Common Area,2,65.72,4,1
2026-01-16,Common Area,4,27.77,4,1
2026-01-16,Common Area,6,33.95,4,1
2026-01-16,Common Area,8,28.78,4,1
2026-01-16,Common Area,10,37.89,4,1
2026-01-16,Common Area,12,20.06,4,1
2026-01-16,Common Area,14,25.03,4,1
2026-01-16,Common Area,16,20.98,4,1
2026-01-16,Common Area,18,38.69,4,1
2026-01-16,Common Area,20,78.71,4,1
2026-01-16,Common Area,22,46.78,4,1
2026-01-17,A1,0,72.47,5,1
2026-01-17,A1,2,78.09,5,1
2026-01-17,A1,4,31.13,5,1
2026-01-17,A1,6,46.86,5,1
2026-01-17,A1,8,42.03,5,1
2026-01-17,A1,10,37.51,5,1
2026-01-17,A1,12,21.9,5,1
2026-01-17,A1,14,26.81,5,1
2026-01-17,A1,16,20.55,5,1
2026-01-17,A1,18,41.49,5,1
2026-01-17,A1,20,65.18,5,1
2026-01-17,A1,22,61.08,5,1
2026-01-17,A2,0,78.72,5,1
2026-01-17,A2,2,61.01,5,1
2026-01-17,A2,4,40.43,5,1
2026-01-17,A2,6,37.13,5,1
2026-01-17,A2,8,42.87,5,1
2026-01-17,A2,10,42.0,5,1
2026-01-17,A2,12,23.11,5,1
2026-01-17,A2,14,18.47,5,1
2026-01-17,A2,16,19.19,5,1
2026-01-17,A2,18,34.13,5,1
2026-01-17,A2,20,65.33,5,1
2026-01-17,A2,22,73.96,5,1
2026-01-17,A3,0,77.95,5,1
2026-01-17,A3,2,60.32,5,1
2026-01-17,A3,4,45.22,5,1
2026-01-17,A3,6,48.13,5,1
2026-01-17,A3,8,42.48,5,1
2026-01-17,A3,10,51.26,5,1
2026-01-17,A3,12,17.68,5,1
2026-01-17,A3,14,16.27,5,1
2026-01-17,A3,16,14.66,5,1
2026-01-17,A3,18,48.98,5,1
2026-01-17,A3,20,76.87,5,1
2026-01-17,A3,22,69.42,5,1
2026-01-17,A4,0,72.94,5,1
2026-01-17,A4,2,58.18,5,1
2026-01-17,A4,4,54.67,5,1
2026-01-17,A4,6,40.78,5,1
2026-01-17,A4,8,40.66,5,1
2026-01-17,A4,10,44.35,5,1
2026-01-17,A4,12,21.44,5,1
2026-01-17,A4,14,20.67,5,1
2026-01-17,A4,16,17.63,5,1
2026-01-17,A4,18,42.83,5,1
2026-01-17,A4,20,89.76,5,1
2026-01-17,A4,22,84.13,5,1
2026-01-17,A5,0,86.73,5,1
2026-01-17,A5,2,64.63,5,1
2026-01-17,A5,4,34.06,5,1
2026-01-17,A5,6,39.25,5,1
2026-01-17,A5,8,40.33,5,1
2026-01-17,A5,10,46.57,5,1
2026-01-17,A5,12,14.92,5,1
2026-01-17,A5,14,24.59,5,1
2026-01-17,A5,16,19.53,5,1
2026-01-17,A5,18,37.44,5,1
2026-01-17,A5,20,59.37,5,1
2026-01-17,A5,22,52.62,5,1
2026-01-17,A6,0,78.64,5,1
2026-01-17,A6,2,70.77,5,1
2026-01-17,A6,4,32.26,5,1
2026-01-17,A6,6,32.23,5,1
2026-01-17,A6,8,37.99,5,1
2026-01-17,A6,10,50.01,5,1
2026-01-17,A6,12,19.22,5,1
2026-01-17,A6,14,15.49,5,1
2026-01-17,A6,16,19.26,5,1
2026-01-17,A6,18,38.36,5,1
2026-01-17,A6,20,41.68,5,1
2026-01-17,A6,22,69.43,5,1
2026-01-17,B1,0,14.48,5,1
2026-01-17,B1,2,16.57,5,1
2026-01-17,B1,4,19.16,5,1
2026-01-17,B1,6,17.53,5,1
2026-01-17,B1,8,33.59,5,1
2026-01-17,B1,10,66.72,5,1
2026-01-17,B1,12,110.88,5,1
2026-01-17,B1,14,80.71,5,1
2026-01-17,B1,16,35.07,5,1
2026-01-17,B1,18,34.87,5,1
2026-01-17,B1,20,36.04,5,1
2026-01-17,B1,22,34.24,5,1
2026-01-17,B2,0,13.71,5,1
2026-01-17,B2,2,13.77,5,1
2026-01-17,B2,4,14.93,5,1
2026-01-17,B2,6,13.78,5,1
2026-01-17,B2,8,31.26,5,1
2026-01-17,B2,10,81.28,5,1
2026-01-17,B2,12,76.94,5,1
2026-01-17,B2,14,98.05,5,1
2026-01-17,B2,16,21.08,5,1
2026-01-17,B2,18,40.73,5,1
2026-01-17,B2,20,41.54,5,1
2026-01-17,B2,22,24.11,5,1
2026-01-17,B3,0,14.23,5,1
2026-01-17,B3,2,14.16,5,1
2026-01-17,B3,4,11.83,5,1
2026-01-17,B3,6,13.25,5,1
2026-01-17,B3,8,29.17,5,1
2026-01-17,B3,10,101.03,5,1
2026-01-17,B3,12,91.23,5,1
2026-01-17,B3,14,95.26,5,1
2026-01-17,B3,16,38.79,5,1
2026-01-17,B3,18,29.07,5,1
2026-01-17,B3,20,32.25,5,1
2026-01-17,B3,22,37.57,5,1
2026-01-17,C1,0,57.17,5,1
2026-01-17,C1,2,77.49,5,1
2026-01-17,C1,4,38.56,5,1
2026-01-17,C1,6,37.75,5,1
2026-01-17,C1,8,44.27,5,1
2026-01-17,C1,10,42.67,5,1
2026-01-17,C1,12,18.92,5,1
2026-01-17,C1,14,23.48,5,1
2026-01-17,C1,16,16.76,5,1
2026-01-17,C1,18,43.7,5,1
2026-01-17,C1,20,76.23,5,1
2026-01-17,C1,22,66.75,5,1
2026-01-17,C2,0,73.42,5,1
2026-01-17,C2,2,56.86,5,1
2026-01-17,C2,4,45.54,5,1
2026-01-17,C2,6,38.89,5,1
2026-01-17,C2,8,36.86,5,1
2026-01-17,C2,10,46.29,5,1
2026-01-17,C2,12,17.89,5,1
2026-01-17,C2,14,15.77,5,1
2026-01-17,C2,16,15.33,5,1
2026-01-17,C2,18,43.64,5,1
2026-01-17,C2,20,56.56,5,1
2026-01-17,C2,22,88.43,5,1
2026-01-17,C3,0,48.14,5,1
2026-01-17,C3,2,87.81,5,1
2026-01-17,C3,4,41.27,5,1
2026-01-17,C3,6,39.42,5,1
2026-01-17,C3,8,36.73,5,1
2026-01-17,C3,10,42.39,5,1
2026-01-17,C3,12,19.89,5,1
2026-01-17,C3,14,23.31,5,1
2026-01-17,C3,16,20.34,5,1
2026-01-17,C3,18,40.9,5,1
2026-01-17,C3,20,66.18,5,1
2026-01-17,C3,22,69.4,5,1
2026-01-17,C4,0,73.23,5,1
2026-01-17,C4,2,52.04,5,1
2026-01-17,C4,4,31.91,5,1
2026-01-17,C4,6,44.46,5,1
2026-01-17,C4,8,41.03,5,1
2026-01-17,C4,10,38.9,5,1
2026-01-17,C4,12,20.06,5,1
2026-01-17,C4,14,21.04,5,1
2026-01-17,C4,16,18.38,5,1
2026-01-17,C4,18,35.33,5,1
2026-01-17,C4,20,72.06,5,1
2026-01-17,C4,22,59.73,5,1
2026-01-17,C5,0,74.29,5,1
2026-01-17,C5,2,52.12,5,1
2026-01-17,C5,4,46.17,5,1
2026-01-17,C5,6,42.84,5,1
2026-01-17,C5,8,41.54,5,1
2026-01-17,C5,10,45.9,5,1
2026-01-17,C5,12,25.0,5,1
2026-01-17,C5,14,23.04,5,1
2026-01-17,C5,16,14.48,5,1
2026-01-17,C5,18,32.32,5,1
2026-01-17,C5,20,63.44,5,1
2026-01-17,C5,22,70.27,5,1
2026-01-17,C6,0,75.44,5,1
2026-01-17,C6,2,62.38,5,1
2026-01-17,C6,4,41.12,5,1
2026-01-17,C6,6,35.47,5,1
2026-01-17,C6,8,36.33,5,1
2026-01-17,C6,10,31.56,5,1
2026-01-17,C6,12,17.23,5,1
2026-01-17,C6,14,15.94,5,1
2026-01-17,C6,16,17.07,5,1
2026-01-17,C6,18,46.32,5,1
2026-01-17,C6,20,60.03,5,1
2026-01-17,C6,22,97.64,5,1
2026-01-17,Common Area,0,75.18,5,1
2026-01-17,Common Area,2,71.94,5,1
2026-01-17,Common Area,4,34.85,5,1
2026-01-17,Common Area,6,44.2,5,1
2026-01-17,Common Area,8,36.55,5,1
2026-01-17,Common Area,10,40.73,5,1
2026-01-17,Common Area,12,27.68,5,1
2026-01-17,Common Area,14,19.71,5,1
2026-01-17,Common Area,16,23.45,5,1
2026-01-17,Common Area,18,35.78,5,1
2026-01-17,Common Area,20,69.63,5,1
2026-01-17,Common Area,22,88.59,5,1
2026-01-18,A1,0,63.42,6,1
2026-01-18,A1,2,89.03,6,1
2026-01-18,A1,4,44.25,6,1
2026-01-18,A1,6,36.63,6,1
2026-01-18,A1,8,43.79,6,1
2026-01-18,A1,10,45.84,6,1
2026-01-18,A1,12,21.87,6,1
2026-01-18,A1,14,15.29,6,1
2026-01-18,A1,16,17.82,6,1
2026-01-18,A1,18,38.51,6,1
2026-01-18,A1,20,69.22,6,1
2026-01-18,A1,22,76.52,6,1
2026-01-18,A2,0,71.87,6,1
2026-01-18,A2,2,55.98,6,1
2026-01-18,A2,4,42.28,6,1
2026-01-18,A2,6,43.66,6,1
2026-01-18,A2,8,43.36,6,1
2026-01-18,A2,10,46.48,6,1
2026-01-18,A2,12,22.5,6,1
2026-01-18,A2,14,21.38,6,1
2026-01-18,A2,16,19.79,6,1
2026-01-18,A2,18,30.03,6,1
2026-01-18,A2,20,74.51,6,1
2026-01-18,A2,22,72.18,6,1
2026-01-18,A3,0,72.85,6,1
2026-01-18,A3,2,56.59,6,1
2026-01-18,A3,4,33.51,6,1
2026-01-18,A3,6,46.32,6,1
2026-01-18,A3,8,39.76,6,1
2026-01-18,A3,10,44.09,6,1
2026-01-18,A3,12,20.08,6,1
2026-01-18,A3,14,20.09,6,1
2026-01-18,A3,16,22.81,6,1
2026-01-18,A3,18,36.9,6,1
2026-01-18,A3,20,71.01,6,1
2026-01-18,A3,22,65.15,6,1
2026-01-18,A4,0,65.44,6,1
2026-01-18,A4,2,66.75,6,1
2026-01-18,A4,4,41.33,6,1
2026-01-18,A4,6,37.13,6,1
2026-01-18,A4,8,47.53,6,1
2026-01-18,A4,10,34.63,6,1
2026-01-18,A4,12,19.44,6,1
2026-01-18,A4,14,18.68,6,1
2026-01-18,A4,16,24.34,6,1
2026-01-18,A4,18,41.18,6,1
2026-01-18,A4,20,80.83,6,1
2026-01-18,A4,22,54.4,6,1
2026-01-18,A5,0,72.8,6,1
2026-01-18,A5,2,79.34,6,1
2026-01-18,A5,4,40.49,6,1
2026-01-18,A5,6,46.39,6,1
2026-01-18,A5,8,36.9,6,1
2026-01-18,A5,10,48.46,6,1
2026-01-18,A5,12,26.9,6,1
2026-01-18,A5,14,18.91,6,1
2026-01-18,A5,16,18.66,6,1
2026-01-18,A5,18,48.72,6,1
2026-01-18,A5,20,86.59,6,1
2026-01-18,A5,22,64.51,6,1
2026-01-18,A6,0,65.59,6,1
2026-01-18,A6,2,67.04,6,1
2026-01-18,A6,4,31.93,6,1
2026-01-18,A6,6,34.49,6,1
2026-01-18,A6,8,33.98,6,1
2026-01-18,A6,10,35.39,6,1
2026-01-18,A6,12,19.9,6,1
2026-01-18,A6,14,20.7,6,1
2026-01-18,A6,16,24.65,6,1
2026-01-18,A6,18,34.01,6,1
2026-01-18,A6,20,80.34,6,1
2026-01-18,A6,22,67.75,6,1
2026-01-18,B1,0,14.89,6,1
2026-01-18,B1,2,16.52,6,1
2026-01-18,B1,4,12.47,6,1
2026-01-18,B1,6,15.86,6,1
2026-01-18,B1,8,35.87,6,1
2026-01-18,B1,10,85.91,6,1
2026-01-18,B1,12,83.47,6,1
2026-01-18,B1,14,109.46,6,1
2026-01-18,B1,16,31.65,6,1
2026-01-18,B1,18,32.21,6,1
2026-01-18,B1,20,31.73,6,1
2026-01-18,B1,22,32.08,6,1
2026-01-18,B2,0,13.57,6,1
2026-01-18,B2,2,17.68,6,1
2026-01-18,B2,4,18.2,6,1
2026-01-18,B2,6,13.72,6,1
2026-01-18,B2,8,30.63,6,1
2026-01-18,B2,10,85.66,6,1
2026-01-18,B2,12,73.37,6,1
2026-01-18,B2,14,87.6,6,1
2026-01-18,B2,16,36.07,6,1
2026-01-18,B2,18,27.04,6,1
2026-01-18,B2,20,43.12,6,1
2026-01-18,B2,22,44.43,6,1
2026-01-18,B3,0,13.62,6,1
2026-01-18,B3,2,14.13,6,1
2026-01-18,B3,4,15.64,6,1
2026-01-18,B3,6,15.75,6,1
2026-01-18,B3,8,38.46,6,1
2026-01-18,B3,10,104.12,6,1
2026-01-18,B3,12,77.88,6,1
2026-01-18,B3,14,70.42,6,1
2026-01-18,B3,16,27.76,6,1
2026-01-18,B3,18,31.16,6,1
2026-01-18,B3,20,34.83,6,1
2026-01-18,B3,22,44.42,6,1
2026-01-18,C1,0,64.57,6,1
2026-01-18,C1,2,72.35,6,1
2026-01-18,C1,4,39.9,6,1
2026-01-18,C1,6,47.13,6,1
2026-01-18,C1,8,55.16,6,1
2026-01-18,C1,10,36.81,6,1
2026-01-18,C1,12,18.53,6,1
2026-01-18,C1,14,23.13,6,1
2026-01-18,C1,16,22.05,6,1
2026-01-18,C1,18,51.08,6,1
2026-01-18,C1,20,76.13,6,1
2026-01-18,C1,22,66.23,6,1
2026-01-18,C2,0,76.2,6,1
2026-01-18,C2,2,81.64,6,1
2026-01-18,C2,4,44.92,6,1
2026-01-18,C2,6,43.04,6,1
2026-01-18,C2,8,46.4,6,1
2026-01-18,C2,10,47.02,6,1
2026-01-18,C2,12,24.15,6,1
2026-01-18,C2,14,21.95,6,1
2026-01-18,C2,16,19.5,6,1
2026-01-18,C2,18,40.88,6,1
2026-01-18,C2,20,82.67,6,1
2026-01-18,C2,22,61.42,6,1
2026-01-18,C3,0,73.87,6,1
2026-01-18,C3,2,65.87,6,1
2026-01-18,C3,4,40.17,6,1
2026-01-18,C3,6,47.67,6,1
2026-01-18,C3,8,41.15,6,1
2026-01-18,C3,10,40.28,6,1
2026-01-18,C3,12,15.92,6,1
2026-01-18,C3,14,22.24,6,1
2026-01-18,C3,16,21.94,6,1
2026-01-18,C3,18,52.98,6,1
2026-01-18,C3,20,66.77,6,1
2026-01-18,C3,22,72.3,6,1
2026-01-18,C4,0,72.62,6,1
2026-01-18,C4,2,86.56,6,1
2026-01-18,C4,4,39.43,6,1
2026-01-18,C4,6,41.67,6,1
2026-01-18,C4,8,43.65,6,1
2026-01-18,C4,10,41.12,6,1
2026-01-18,C4,12,18.66,6,1
2026-01-18,C4,14,20.58,6,1
2026-01-18,C4,16,23.22,6,1
2026-01-18,C4,18,33.84,6,1
2026-01-18,C4,20,71.4,6,1
2026-01-18,C4,22,62.65,6,1
2026-01-18,C5,0,82.55,6,1
2026-01-18,C5,2,54.01,6,1
2026-01-18,C5,4,36.65,6,1
2026-01-18,C5,6,42.26,6,1
2026-01-18,C5,8,49.39,6,1
2026-01-18,C5,10,39.61,6,1
2026-01-18,C5,12,18.33,6,1
2026-01-18,C5,14,25.64,6,1
2026-01-18,C5,16,15.66,6,1
2026-01-18,C5,18,26.81,6,1
2026-01-18,C5,20,74.62,6,1
2026-01-18,C5,22,64.73,6,1
2026-01-18,C6,0,59.28,6,1
2026-01-18,C6,2,77.44,6,1
2026-01-18,C6,4,41.46,6,1
2026-01-18,C6,6,36.62,6,1
2026-01-18,C6,8,32.32,6,1
2026-01-18,C6,10,45.23,6,1
2026-01-18,C6,12,21.95,6,1
2026-01-18,C6,14,19.7,6,1
2026-01-18,C6,16,25.54,6,1
2026-01-18,C6,18,33.58,6,1
2026-01-18,C6,20,53.98,6,1
2026-01-18,C6,22,62.73,6,1
2026-01-18,Common Area,0,69.52,6,1
2026-01-18,Common Area,2,72.56,6,1
2026-01-18,Common Area,4,38.55,6,1
2026-01-18,Common Area,6,42.11,6,1
2026-01-18,Common Area,8,32.49,6,1
2026-01-18,Common Area,10,48.66,6,1
2026-01-18,Common Area,12,19.75,6,1
2026-01-18,Common Area,14,23.35,6,1
2026-01-18,Common Area,16,21.03,6,1
2026-01-18,Common Area,18,42.74,6,1
2026-01-18,Common Area,20,75.98,6,1
2026-01-18,Common Area,22,74.7,6,1
2026-01-19,A1,0,76.75,0,1
2026-01-19,A1,2,83.96,0,1
2026-01-19,A1,4,41.18,0,1
2026-01-19,A1,6,44.25,0,1
2026-01-19,A1,8,39.46,0,1
2026-01-19,A1,10,48.64,0,1
2026-01-19,A1,12,17.97,0,1
2026-01-19,A1,14,25.4,0,1
2026-01-19,A1,16,19.88,0,1
2026-01-19,A1,18,31.42,0,1
2026-01-19,A1,20,71.35,0,1
2026-01-19,A1,22,62.85,0,1
2026-01-19,A2,0,78.83,0,1
2026-01-19,A2,2,63.15,0,1
2026-01-19,A2,4,37.32,0,1
2026-01-19,A2,6,28.66,0,1
2026-01-19,A2,8,37.29,0,1
2026-01-19,A2,10,25.46,0,1
2026-01-19,A2,12,15.25,0,1
2026-01-19,A2,14,22.28,0,1
2026-01-19,A2,16,22.36,0,1
2026-01-19,A2,18,42.55,0,1
2026-01-19,A2,20,59.85,0,1
2026-01-19,A2,22,69.5,0,1
2026-01-19,A3,0,69.96,0,1
2026-01-19,A3,2,57.84,0,1
2026-01-19,A3,4,49.02,0,1
2026-01-19,A3,6,45.26,0,1
2026-01-19,A3,8,38.67,0,1
2026-01-19,A3,10,40.16,0,1
2026-01-19,A3,12,20.63,0,1
2026-01-19,A3,14,13.87,0,1
2026-01-19,A3,16,19.26,0,1
2026-01-19,A3,18,35.91,0,1
2026-01-19,A3,20,59.48,0,1
2026-01-19,A3,22,67.05,0,1
2026-01-19,A4,0,88.88,0,1
2026-01-19,A4,2,76.73,0,1
2026-01-19,A4,4,36.57,0,1
2026-01-19,A4,6,43.44,0,1
2026-01-19,A4,8,48.4,0,1
2026-01-19,A4,10,45.55,0,1
2026-01-19,A4,12,20.18,0,1
2026-01-19,A4,14,18.06,0,1
2026-01-19,A4,16,22.09,0,1
2026-01-19,A4,18,42.36,0,1
2026-01-19,A4,20,79.4,0,1
2026-01-19,A4,22,76.67,0,1
2026-01-19,A5,0,81.02,0,1
2026-01-19,A5,2,64.38,0,1
2026-01-19,A5,4,47.9,0,1
2026-01-19,A5,6,41.19,0,1
2026-01-19,A5,8,52.45,0,1
2026-01-19,A5,10,35.86,0,1
2026-01-19,A5,12,25.21,0,1
2026-01-19,A5,14,20.59,0,1
2026-01-19,A5,16,18.05,0,1
2026-01-19,A5,18,37.1,0,1
2026-01-19,A5,20,66.64,0,1
2026-01-19,A5,22,74.45,0,1
2026-01-19,A6,0,75.49,0,1
2026-01-19,A6,2,63.98,0,1
2026-01-19,A6,4,39.85,0,1
2026-01-19,A6,6,52.85,0,1
2026-01-19,A6,8,50.37,0,1
2026-01-19,A6,10,42.62,0,1
2026-01-19,A6,12,20.11,0,1
2026-01-19,A6,14,20.36,0,1
2026-01-19,A6,16,21.84,0,1
2026-01-19,A6,18,33.86,0,1
2026-01-19,A6,20,67.3,0,1
2026-01-19,A6,22,52.48,0,1
2026-01-19,B1,0,15.9,0,1
2026-01-19,B1,2,16.46,0,1
2026-01-19,B1,4,13.91,0,1
2026-01-19,B1,6,18.54,0,1
2026-01-19,B1,8,28.56,0,1
2026-01-19,B1,10,62.43,0,1
2026-01-19,B1,12,82.69,0,1
2026-01-19,B1,14,92.57,0,1
2026-01-19,B1,16,43.84,0,1
2026-01-19,B1,18,32.59,0,1
2026-01-19,B1,20,40.66,0,1
2026-01-19,B1,22,34.8,0,1
2026-01-19,B2,0,14.61,0,1
2026-01-19,B2,2,16.99,0,1
2026-01-19,B2,4,16.47,0,1
2026-01-19,B2,6,11.45,0,1
2026-01-19,B2,8,42.75,0,1
2026-01-19,B2,10,96.56,0,1
2026-01-19,B2,12,72.49,0,1
2026-01-19,B2,14,84.75,0,1
2026-01-19,B2,16,37.59,0,1
2026-01-19,B2,18,36.37,0,1
2026-01-19,B2,20,32.11,0,1
2026-01-19,B2,22,31.47,0,1
2026-01-19,B3,0,14.94,0,1
2026-01-19,B3,2,17.64,0,1
2026-01-19,B3,4,16.22,0,1
2026-01-19,B3,6,14.17,0,1
2026-01-19,B3,8,39.05,0,1
2026-01-19,B3,10,45.82,0,1
2026-01-19,B3,12,93.79,0,1
2026-01-19,B3,14,59.12,0,1
2026-01-19,B3,16,33.1,0,1
2026-01-19,B3,18,29.12,0,1
2026-01-19,B3,20,28.2,0,1
2026-01-19,B3,22,41.09,0,1
2026-01-19,C1,0,65.09,0,1
2026-01-19,C1,2,73.64,0,1
2026-01-19,C1,4,39.72,0,1
2026-01-19,C1,6,42.86,0,1
2026-01-19,C1,8,40.46,0,1
2026-01-19,C1,10,32.3,0,1
2026-01-19,C1,12,22.99,0,1
2026-01-19,C1,14,18.52,0,1
2026-01-19,C1,16,15.33,0,1
2026-01-19,C1,18,37.43,0,1
2026-01-19,C1,20,85.76,0,1
2026-01-19,C1,22,78.93,0,1
2026-01-19,C2,0,66.34,0,1
2026-01-19,C2,2,66.33,0,1
2026-01-19,C2,4,38.07,0,1
2026-01-19,C2,6,52.46,0,1
2026-01-19,C2,8,42.29,0,1
2026-01-19,C2,10,42.58,0,1
2026-01-19,C2,12,23.09,0,1
2026-01-19,C2,14,20.72,0,1
2026-01-19,C2,16,19.22,0,1
2026-01-19,C2,18,38.82,0,1
2026-01-19,C2,20,69.25,0,1
2026-01-19,C2,22,69.61,0,1
2026-01-19,C3,0,77.64,0,1
2026-01-19,C3,2,70.55,0,1
2026-01-19,C3,4,44.4,0,1
2026-01-19,C3,6,39.52,0,1
2026-01-19,C3,8,40.47,0,1
2026-01-19,C3,10,28.01,0,1
2026-01-19,C3,12,22.75,0,1
2026-01-19,C3,14,21.04,0,1
2026-01-19,C3,16,22.99,0,1
2026-01-19,C3,18,22.62,0,1
2026-01-19,C3,20,91.93,0,1
2026-01-19,C3,22,68.53,0,1
2026-01-19,C4,0,81.64,0,1
2026-01-19,C4,2,59.08,0,1
2026-01-19,C4,4,43.68,0,1
2026-01-19,C4,6,33.68,0,1
2026-01-19,C4,8,36.26,0,1
2026-01-19,C4,10,51.48,0,1
2026-01-19,C4,12,19.43,0,1
2026-01-19,C4,14,20.65,0,1
2026-01-19,C4,16,22.61,0,1
2026-01-19,C4,18,42.97,0,1
2026-01-19,C4,20,71.58,0,1
2026-01-19,C4,22,73.83,0,1
2026-01-19,C5,0,95.24,0,1
2026-01-19,C5,2,69.4,0,1
2026-01-19,C5,4,41.21,0,1
2026-01-19,C5,6,46.3,0,1
2026-01-19,C5,8,46.63,0,1
2026-01-19,C5,10,47.12,0,1
2026-01-19,C5,12,21.92,0,1
2026-01-19,C5,14,16.57,0,1
2026-01-19,C5,16,24.9,0,1
2026-01-19,C5,18,33.12,0,1
2026-01-19,C5,20,73.18,0,1
2026-01-19,C5,22,62.08,0,1
2026-01-19,C6,0,69.33,0,1
2026-01-19,C6,2,73.45,0,1
2026-01-19,C6,4,41.93,0,1
2026-01-19,C6,6,42.53,0,1
2026-01-19,C6,8,49.68,0,1
2026-01-19,C6,10,42.72,0,1
2026-01-19,C6,12,19.27,0,1
2026-01-19,C6,14,22.89,0,1
2026-01-19,C6,16,23.57,0,1
2026-01-19,C6,18,32.63,0,1
2026-01-19,C6,20,76.27,0,1
2026-01-19,C6,22,77.36,0,1
2026-01-19,Common Area,0,66.88,0,1
2026-01-19,Common Area,2,84.44,0,1
2026-01-19,Common Area,4,39.1,0,1
2026-01-19,Common Area,6,40.75,0,1
2026-01-19,Common Area,8,38.96,0,1
2026-01-19,Common Area,10,40.09,0,1
2026-01-19,Common Area,12,16.71,0,1
2026-01-19,Common Area,14,15.68,0,1
2026-01-19,Common Area,16,24.78,0,1
2026-01-19,Common Area,18,34.92,0,1
2026-01-19,Common Area,20,59.59,0,1
2026-01-19,Common Area,22,47.39,0,1
2026-01-20,A1,0,63.29,1,1
2026-01-20,A1,2,56.11,1,1
2026-01-20,A1,4,49.85,1,1
2026-01-20,A1,6,46.06,1,1
2026-01-20,A1,8,35.87,1,1
2026-01-20,A1,10,53.51,1,1
2026-01-20,A1,12,22.95,1,1
2026-01-20,A1,14,19.03,1,1
2026-01-20,A1,16,12.5,1,1
2026-01-20,A1,18,53.75,1,1
2026-01-20,A1,20,55.41,1,1
2026-01-20,A1,22,52.72,1,1
2026-01-20,A2,0,80.74,1,1
2026-01-20,A2,2,95.62,1,1
2026-01-20,A2,4,48.31,1,1
2026-01-20,A2,6,43.38,1,1
2026-01-20,A2,8,43.57,1,1
2026-01-20,A2,10,45.12,1,1
2026-01-20,A2,12,22.28,1,1
2026-01-20,A2,14,20.84,1,1
2026-01-20,A2,16,20.31,1,1
2026-01-20,A2,18,39.62,1,1
2026-01-20,A2,20,62.08,1,1
2026-01-20,A2,22,67.05,1,1
2026-01-20,A3,0,52.22,1,1
2026-01-20,A3,2,68.97,1,1
2026-01-20,A3,4,34.07,1,1
2026-01-20,A3,6,33.38,1,1
2026-01-20,A3,8,41.08,1,1
2026-01-20,A3,10,48.35,1,1
2026-01-20,A3,12,22.75,1,1
2026-01-20,A3,14,15.29,1,1
2026-01-20,A3,16,17.03,1,1
2026-01-20,A3,18,45.64,1,1
2026-01-20,A3,20,59.68,1,1
2026-01-20,A3,22,67.64,1,1
2026-01-20,A4,0,75.78,1,1
2026-01-20,A4,2,59.83,1,1
2026-01-20,A4,4,40.63,1,1
2026-01-20,A4,6,32.0,1,1
2026-01-20,A4,8,36.39,1,1
2026-01-20,A4,10,41.92,1,1
2026-01-20,A4,12,15.22,1,1
2026-01-20,A4,14,21.32,1,1
2026-01-20,A4,16,19.94,1,1
2026-01-20,A4,18,43.31,1,1
2026-01-20,A4,20,72.35,1,1
2026-01-20,A4,22,84.32,1,1
2026-01-20,A5,0,71.31,1,1
2026-01-20,A5,2,65.49,1,1
2026-01-20,A5,4,40.73,1,1
2026-01-20,A5,6,43.26,1,1
2026-01-20,A5,8,40.29,1,1
2026-01-20,A5,10,40.24,1,1
2026-01-20,A5,12,17.89,1,1
2026-01-20,A5,14,18.01,1,1
2026-01-20,A5,16,15.79,1,1
2026-01-20,A5,18,50.5,1,1
2026-01-20,A5,20,56.94,1,1
2026-01-20,A5,22,62.72,1,1
2026-01-20,A6,0,62.46,1,1
2026-01-20,A6,2,79.4,1,1
2026-01-20,A6,4,38.23,1,1
2026-01-20,A6,6,47.49,1,1
2026-01-20,A6,8,35.96,1,1
2026-01-20,A6,10,41.67,1,1
2026-01-20,A6,12,17.49,1,1
2026-01-20,A6,14,26.44,1,1
2026-01-20,A6,16,16.44,1,1
2026-01-20,A6,18,41.86,1,1
2026-01-20,A6,20,76.65,1,1
2026-01-20,A6,22,74.34,1,1
2026-01-20,B1,0,14.58,1,1
2026-01-20,B1,2,14.71,1,1
2026-01-20,B1,4,15.1,1,1
2026-01-20,B1,6,14.67,1,1
2026-01-20,B1,8,40.06,1,1
2026-01-20,B1,10,106.53,1,1
2026-01-20,B1,12,73.31,1,1
2026-01-20,B1,14,63.56,1,1
2026-01-20,B1,16,34.54,1,1
2026-01-20,B1,18,48.54,1,1
2026-01-20,B1,20,30.78,1,1
2026-01-20,B1,22,43.61,1,1
2026-01-20,B2,0,18.77,1,1
2026-01-20,B2,2,13.75,1,1
2026-01-20,B2,4,16.28,1,1
2026-01-20,B2,6,18.66,1,1
2026-01-20,B2,8,33.01,1,1
2026-01-20,B2,10,77.56,1,1
2026-01-20,B2,12,73.02,1,1
2026-01-20,B2,14,67.82,1,1
2026-01-20,B2,16,31.59,1,1
2026-01-20,B2,18,28.57,1,1
2026-01-20,B2,20,35.18,1,1
2026-01-20,B2,22,30.96,1,1
2026-01-20,B3,0,15.53,1,1
2026-01-20,B3,2,11.5,1,1
2026-01-20,B3,4,15.74,1,1
2026-01-20,B3,6,16.88,1,1
2026-01-20,B3,8,24.53,1,1
2026-01-20,B3,10,84.49,1,1
2026-01-20,B3,12,94.73,1,1
2026-01-20,B3,14,65.48,1,1
2026-01-20,B3,16,43.78,1,1
2026-01-20,B3,18,37.2,1,1
2026-01-20,B3,20,31.3,1,1
2026-01-20,B3,22,34.71,1,1
2026-01-20,C1,0,75.86,1,1
2026-01-20,C1,2,70.8,1,1
2026-01-20,C1,4,43.23,1,1
2026-01-20,C1,6,34.48,1,1
2026-01-20,C1,8,41.02,1,1
2026-01-20,C1,10,31.52,1,1
2026-01-20,C1,12,19.67,1,1
2026-01-20,C1,14,17.29,1,1
2026-01-20,C1,16,17.79,1,1
2026-01-20,C1,18,47.42,1,1
2026-01-20,C1,20,81.46,1,1
2026-01-20,C1,22,76.4,1,1
2026-01-20,C2,0,58.53,1,1
2026-01-20,C2,2,66.68,1,1
2026-01-20,C2,4,47.28,1,1
2026-01-20,C2,6,40.85,1,1
2026-01-20,C2,8,53.92,1,1
2026-01-20,C2,10,42.36,1,1
2026-01-20,C2,12,20.58,1,1
2026-01-20,C2,14,19.07,1,1
2026-01-20,C2,16,20.4,1,1
2026-01-20,C2,18,39.09,1,1
2026-01-20,C2,20,77.44,1,1
2026-01-20,C2,22,80.05,1,1
2026-01-20,C3,0,61.75,1,1
2026-01-20,C3,2,56.02,1,1
2026-01-20,C3,4,28.98,1,1
2026-01-20,C3,6,43.05,1,1
2026-01-20,C3,8,33.38,1,1
2026-01-20,C3,10,27.08,1,1
2026-01-20,C3,12,21.17,1,1
2026-01-20,C3,14,27.48,1,1
2026-01-20,C3,16,19.98,1,1
2026-01-20,C3,18,45.03,1,1
2026-01-20,C3,20,70.86,1,1
2026-01-20,C3,22,68.96,1,1
2026-01-20,C4,0,79.65,1,1
2026-01-20,C4,2,66.95,1,1
2026-01-20,C4,4,41.6,1,1
2026-01-20,C4,6,41.93,1,1
2026-01-20,C4,8,35.99,1,1
2026-01-20,C4,10,45.95,1,1
2026-01-20,C4,12,19.48,1,1
2026-01-20,C4,14,17.73,1,1
2026-01-20,C4,16,21.61,1,1
2026-01-20,C4,18,34.61,1,1
2026-01-20,C4,20,70.3,1,1
2026-01-20,C4,22,69.9,1,1
2026-01-20,C5,0,81.4,1,1
2026-01-20,C5,2,74.98,1,1
2026-01-20,C5,4,39.85,1,1
2026-01-20,C5,6,44.91,1,1
2026-01-20,C5,8,48.34,1,1
2026-01-20,C5,10,43.35,1,1
2026-01-20,C5,12,20.03,1,1
2026-01-20,C5,14,16.06,1,1
2026-01-20,C5,16,16.8,1,1
2026-01-20,C5,18,38.17,1,1
2026-01-20,C5,20,63.6,1,1
2026-01-20,C5,22,68.04,1,1
2026-01-20,C6,0,70.59,1,1
2026-01-20,C6,2,75.56,1,1
2026-01-20,C6,4,39.58,1,1
2026-01-20,C6,6,42.92,1,1
2026-01-20,C6,8,40.39,1,1
2026-01-20,C6,10,28.15,1,1
2026-01-20,C6,12,17.18,1,1
2026-01-20,C6,14,19.57,1,1
2026-01-20,C6,16,16.37,1,1
2026-01-20,C6,18,43.6,1,1
2026-01-20,C6,20,86.07,1,1
2026-01-20,C6,22,82.8,1,1
2026-01-20,Common Area,0,67.76,1,1
2026-01-20,Common Area,2,85.65,1,1
2026-01-20,Common Area,4,40.89,1,1
2026-01-20,Common Area,6,37.98,1,1
2026-01-20,Common Area,8,36.32,1,1
2026-01-20,Common Area,10,38.19,1,1
2026-01-20,Common Area,12,18.84,1,1
2026-01-20,Common Area,14,20.51,1,1
2026-01-20,Common Area,16,20.48,1,1
2026-01-20,Common Area,18,40.02,1,1
2026-01-20,Common Area,20,74.59,1,1
2026-01-20,Common Area,22,82.5,1,1
2026-01-21,A1,0,79.97,2,1
2026-01-21,A1,2,54.41,2,1
2026-01-21,A1,4,24.68,2,1
2026-01-21,A1,6,45.61,2,1
2026-01-21,A1,8,31.8,2,1
2026-01-21,A1,10,38.65,2,1
2026-01-21,A1,12,16.49,2,1
2026-01-21,A1,14,14.59,2,1
2026-01-21,A1,16,21.62,2,1
2026-01-21,A1,18,44.55,2,1
2026-01-21,A1,20,63.95,2,1
2026-01-21,A1,22,42.79,2,1
2026-01-21,A2,0,64.26,2,1
2026-01-21,A2,2,74.11,2,1
2026-01-21,A2,4,31.13,2,1
2026-01-21,A2,6,41.1,2,1
2026-01-21,A2,8,39.91,2,1
2026-01-21,A2,10,43.48,2,1
2026-01-21,A2,12,20.36,2,1
2026-01-21,A2,14,17.08,2,1
2026-01-21,A2,16,23.59,2,1
2026-01-21,A2,18,39.05,2,1
2026-01-21,A2,20,69.71,2,1
2026-01-21,A2,22,60.2,2,1
2026-01-21,A3,0,65.35,2,1
2026-01-21,A3,2,60.71,2,1
2026-01-21,A3,4,38.96,2,1
2026-01-21,A3,6,50.27,2,1
2026-01-21,A3,8,31.77,2,1
2026-01-21,A3,10,30.32,2,1
2026-01-21,A3,12,24.41,2,1
2026-01-21,A3,14,19.37,2,1
2026-01-21,A3,16,17.99,2,1
2026-01-21,A3,18,46.24,2,1
2026-01-21,A3,20,63.64,2,1
2026-01-21,A3,22,89.17,2,1
2026-01-21,A4,0,77.12,2,1
2026-01-21,A4,2,64.88,2,1
2026-01-21,A4,4,52.94,2,1
2026-01-21,A4,6,36.37,2,1
2026-01-21,A4,8,44.45,2,1
2026-01-21,A4,10,41.8,2,1
2026-01-21,A4,12,23.91,2,1
2026-01-21,A4,14,24.68,2,1
2026-01-21,A4,16,20.1,2,1
2026-01-21,A4,18,35.48,2,1
2026-01-21,A4,20,74.83,2,1
2026-01-21,A4,22,62.88,2,1
2026-01-21,A5,0,91.14,2,1
2026-01-21,A5,2,71.43,2,1
2026-01-21,A5,4,37.81,2,1
2026-01-21,A5,6,41.11,2,1
2026-01-21,A5,8,31.92,2,1
2026-01-21,A5,10,34.17,2,1
2026-01-21,A5,12,23.6,2,1
2026-01-21,A5,14,18.03,2,1
2026-01-21,A5,16,16.86,2,1
2026-01-21,A5,18,43.22,2,1
2026-01-21,A5,20,82.45,2,1
2026-01-21,A5,22,77.55,2,1
2026-01-21,A6,0,80.46,2,1
2026-01-21,A6,2,62.05,2,1
2026-01-21,A6,4,31.47,2,1
2026-01-21,A6,6,49.01,2,1
2026-01-21,A6,8,38.06,2,1
2026-01-21,A6,10,38.5,2,1
2026-01-21,A6,12,23.98,2,1
2026-01-21,A6,14,21.67,2,1
2026-01-21,A6,16,21.37,2,1
2026-01-21,A6,18,52.99,2,1
2026-01-21,A6,20,63.24,2,1
2026-01-21,A6,22,79.74,2,1
2026-01-21,B1,0,15.13,2,1
2026-01-21,B1,2,15.6,2,1
2026-01-21,B1,4,18.44,2,1
2026-01-21,B1,6,16.14,2,1
2026-01-21,B1,8,37.83,2,1
2026-01-21,B1,10,92.87,2,1
2026-01-21,B1,12,75.62,2,1
2026-01-21,B1,14,69.93,2,1
2026-01-21,B1,16,29.51,2,1
2026-01-21,B1,18,24.68,2,1
2026-01-21,B1,20,45.8,2,1
2026-01-21,B1,22,29.21,2,1
2026-01-21,B2,0,14.5,2,1
2026-01-21,B2,2,14.38,2,1
2026-01-21,B2,4,15.69,2,1
2026-01-21,B2,6,16.84,2,1
2026-01-21,B2,8,39.52,2,1
2026-01-21,B2,10,73.0,2,1
2026-01-21,B2,12,77.99,2,1
2026-01-21,B2,14,83.39,2,1
2026-01-21,B2,16,33.69,2,1
2026-01-21,B2,18,43.44,2,1
2026-01-21,B2,20,37.58,2,1
2026-01-21,B2,22,38.86,2,1
2026-01-21,B3,0,16.49,2,1
2026-01-21,B3,2,17.64,2,1
2026-01-21,B3,4,15.41,2,1
2026-01-21,B3,6,12.08,2,1
2026-01-21,B3,8,37.1,2,1
2026-01-21,B3,10,72.18,2,1
2026-01-21,B3,12,73.66,2,1
2026-01-21,B3,14,87.04,2,1
2026-01-21,B3,16,41.5,2,1
2026-01-21,B3,18,35.11,2,1
2026-01-21,B3,20,36.62,2,1
2026-01-21,B3,22,43.94,2,1
2026-01-21,C1,0,72.53,2,1
2026-01-21,C1,2,97.32,2,1
2026-01-21,C1,4,43.39,2,1
2026-01-21,C1,6,29.44,2,1
2026-01-21,C1,8,44.52,2,1
2026-01-21,C1,10,42.29,2,1
2026-01-21,C1,12,23.87,2,1
2026-01-21,C1,14,22.02,2,1
2026-01-21,C1,16,19.58,2,1
2026-01-21,C1,18,32.65,2,1
2026-01-21,C1,20,67.81,2,1
2026-01-21,C1,22,61.07,2,1
2026-01-21,C2,0,63.9,2,1
2026-01-21,C2,2,76.18,2,1
2026-01-21,C2,4,50.02,2,1
2026-01-21,C2,6,42.37,2,1
2026-01-21,C2,8,32.82,2,1
2026-01-21,C2,10,42.67,2,1
2026-01-21,C2,12,23.59,2,1
2026-01-21,C2,14,18.17,2,1
2026-01-21,C2,16,19.6,2,1
2026-01-21,C2,18,40.09,2,1
2026-01-21,C2,20,61.76,2,1
2026-01-21,C2,22,76.81,2,1
2026-01-21,C3,0,68.73,2,1
2026-01-21,C3,2,74.41,2,1
2026-01-21,C3,4,34.68,2,1
2026-01-21,C3,6,37.38,2,1
2026-01-21,C3,8,44.33,2,1
2026-01-21,C3,10,37.76,2,1
2026-01-21,C3,12,25.18,2,1
2026-01-21,C3,14,18.8,2,1
2026-01-21,C3,16,20.67,2,1
2026-01-21,C3,18,45.6,2,1
2026-01-21,C3,20,55.11,2,1
2026-01-21,C3,22,51.51,2,1
2026-01-21,C4,0,53.98,2,1
2026-01-21,C4,2,83.26,2,1
2026-01-21,C4,4,36.69,2,1
2026-01-21,C4,6,55.35,2,1
2026-01-21,C4,8,36.61,2,1
2026-01-21,C4,10,41.11,2,1
2026-01-21,C4,12,24.63,2,1
2026-01-21,C4,14,26.02,2,1
2026-01-21,C4,16,26.18,2,1
2026-01-21,C4,18,47.25,2,1
2026-01-21,C4,20,80.75,2,1
2026-01-21,C4,22,76.22,2,1
2026-01-21,C5,0,78.17,2,1
2026-01-21,C5,2,64.21,2,1
2026-01-21,C5,4,35.09,2,1
2026-01-21,C5,6,39.98,2,1
2026-01-21,C5,8,38.98,2,1
2026-01-21,C5,10,37.28,2,1
2026-01-21,C5,12,22.09,2,1
2026-01-21,C5,14,22.87,2,1
2026-01-21,C5,16,20.27,2,1
2026-01-21,C5,18,48.87,2,1
2026-01-21,C5,20,58.01,2,1
2026-01-21,C5,22,67.97,2,1
2026-01-21,C6,0,62.47,2,1
2026-01-21,C6,2,50.4,2,1
2026-01-21,C6,4,39.5,2,1
2026-01-21,C6,6,39.27,2,1
2026-01-21,C6,8,49.08,2,1
2026-01-21,C6,10,43.78,2,1
2026-01-21,C6,12,16.93,2,1
2026-01-21,C6,14,25.56,2,1
2026-01-21,C6,16,23.66,2,1
2026-01-21,C6,18,43.49,2,1
2026-01-21,C6,20,67.62,2,1
2026-01-21,C6,22,59.93,2,1
2026-01-21,Common Area,0,66.09,2,1
2026-01-21,Common Area,2,81.43,2,1
2026-01-21,Common Area,4,51.31,2,1
2026-01-21,Common Area,6,49.26,2,1
2026-01-21,Common Area,8,37.07,2,1
2026-01-21,Common Area,10,33.28,2,1
2026-01-21,Common Area,12,20.42,2,1
2026-01-21,Common Area,14,14.69,2,1
2026-01-21,Common Area,16,20.97,2,1
2026-01-21,Common Area,18,39.11,2,1
2026-01-21,Common Area,20,65.11,2,1
2026-01-21,Common Area,22,53.26,2,1
2026-01-22,A1,0,75.39,3,1
2026-01-22,A1,2,64.41,3,1
2026-01-22,A1,4,32.98,3,1
2026-01-22,A1,6,22.77,3,1
2026-01-22,A1,8,39.83,3,1
2026-01-22,A1,10,50.63,3,1
2026-01-22,A1,12,24.98,3,1
2026-01-22,A1,14,18.63,3,1
2026-01-22,A1,16,18.19,3,1
2026-01-22,A1,18,42.81,3,1
2026-01-22,A1,20,59.52,3,1
2026-01-22,A1,22,73.17,3,1
2026-01-22,A2,0,78.04,3,1
2026-01-22,A2,2,82.88,3,1
2026-01-22,A2,4,39.4,3,1
2026-01-22,A2,6,38.78,3,1
2026-01-22,A2,8,34.73,3,1
2026-01-22,A2,10,35.04,3,1
2026-01-22,A2,12,19.32,3,1
2026-01-22,A2,14,21.1,3,1
2026-01-22,A2,16,22.74,3,1
2026-01-22,A2,18,35.18,3,1
2026-01-22,A2,20,85.67,3,1
2026-01-22,A2,22,67.15,3,1
2026-01-22,A3,0,69.78,3,1
2026-01-22,A3,2,62.15,3,1
2026-01-22,A3,4,25.45,3,1
2026-01-22,A3,6,45.3,3,1
2026-01-22,A3,8,44.42,3,1
2026-01-22,A3,10,38.31,3,1
2026-01-22,A3,12,20.2,3,1
2026-01-22,A3,14,21.55,3,1
2026-01-22,A3,16,15.31,3,1
2026-01-22,A3,18,36.83,3,1
2026-01-22,A3,20,78.34,3,1
2026-01-22,A3,22,56.83,3,1
2026-01-22,A4,0,73.08,3,1
2026-01-22,A4,2,55.76,3,1
2026-01-22,A4,4,42.8,3,1
2026-01-22,A4,6,39.79,3,1
2026-01-22,A4,8,30.31,3,1
2026-01-22,A4,10,46.99,3,1
2026-01-22,A4,12,17.8,3,1
2026-01-22,A4,14,17.57,3,1
2026-01-22,A4,16,20.6,3,1
2026-01-22,A4,18,46.89,3,1
2026-01-22,A4,20,59.33,3,1
2026-01-22,A4,22,70.65,3,1
2026-01-22,A5,0,74.5,3,1
2026-01-22,A5,2,77.28,3,1
2026-01-22,A5,4,41.06,3,1
2026-01-22,A5,6,37.8,3,1
2026-01-22,A5,8,35.03,3,1
2026-01-22,A5,10,40.52,3,1
2026-01-22,A5,12,16.78,3,1
2026-01-22,A5,14,11.24,3,1
2026-01-22,A5,16,21.31,3,1
2026-01-22,A5,18,45.42,3,1
2026-01-22,A5,20,45.19,3,1
2026-01-22,A5,22,59.4,3,1
2026-01-22,A6,0,76.5,3,1
2026-01-22,A6,2,91.6,3,1
2026-01-22,A6,4,40.12,3,1
2026-01-22,A6,6,35.63,3,1
2026-01-22,A6,8,38.9,3,1
2026-01-22,A6,10,48.25,3,1
2026-01-22,A6,12,18.06,3,1
2026-01-22,A6,14,17.6,3,1
2026-01-22,A6,16,18.55,3,1
2026-01-22,A6,18,34.28,3,1
2026-01-22,A6,20,71.29,3,1
2026-01-22,A6,22,87.06,3,1
2026-01-22,B1,0,15.73,3,1
2026-01-22,B1,2,14.43,3,1
2026-01-22,B1,4,14.34,3,1
2026-01-22,B1,6,11.48,3,1
2026-01-22,B1,8,39.64,3,1
2026-01-22,B1,10,79.07,3,1
2026-01-22,B1,12,77.83,3,1
2026-01-22,B1,14,118.32,3,1
2026-01-22,B1,16,36.57,3,1
2026-01-22,B1,18,31.05,3,1
2026-01-22,B1,20,32.76,3,1
2026-01-22,B1,22,41.03,3,1
2026-01-22,B2,0,15.25,3,1
2026-01-22,B2,2,11.76,3,1
2026-01-22,B2,4,17.07,3,1
2026-01-22,B2,6,13.5,3,1
2026-01-22,B2,8,44.83,3,1
2026-01-22,B2,10,92.96,3,1
2026-01-22,B2,12,74.63,3,1
2026-01-22,B2,14,95.37,3,1
2026-01-22,B2,16,35.36,3,1
2026-01-22,B2,18,39.48,3,1
2026-01-22,B2,20,37.54,3,1
2026-01-22,B2,22,30.56,3,1
2026-01-22,B3,0,13.55,3,1
2026-01-22,B3,2,17.32,3,1
2026-01-22,B3,4,14.25,3,1
2026-01-22,B3,6,14.09,3,1
2026-01-22,B3,8,29.99,3,1
2026-01-22,B3,10,85.08,3,1
2026-01-22,B3,12,104.75,3,1
2026-01-22,B3,14,67.19,3,1
2026-01-22,B3,16,35.13,3,1
2026-01-22,B3,18,42.41,3,1
2026-01-22,B3,20,34.58,3,1
2026-01-22,B3,22,37.37,3,1
2026-01-22,C1,0,58.84,3,1
2026-01-22,C1,2,74.5,3,1
2026-01-22,C1,4,38.88,3,1
2026-01-22,C1,6,45.91,3,1
2026-01-22,C1,8,47.12,3,1
2026-01-22,C1,10,55.54,3,1
2026-01-22,C1,12,21.74,3,1
2026-01-22,C1,14,20.98,3,1
2026-01-22,C1,16,20.58,3,1
2026-01-22,C1,18,37.88,3,1
2026-01-22,C1,20,73.55,3,1
2026-01-22,C1,22,66.9,3,1
2026-01-22,C2,0,71.77,3,1
2026-01-22,C2,2,83.83,3,1
2026-01-22,C2,4,33.96,3,1
2026-01-22,C2,6,46.84,3,1
2026-01-22,C2,8,47.9,3,1
2026-01-22,C2,10,39.29,3,1
2026-01-22,C2,12,13.63,3,1
2026-01-22,C2,14,18.18,3,1
2026-01-22,C2,16,23.89,3,1
2026-01-22,C2,18,39.86,3,1
2026-01-22,C2,20,59.51,3,1
2026-01-22,C2,22,64.7,3,1
2026-01-22,C3,0,78.83,3,1
2026-01-22,C3,2,75.74,3,1
2026-01-22,C3,4,38.57,3,1
2026-01-22,C3,6,37.8,3,1
2026-01-22,C3,8,37.65,3,1
2026-01-22,C3,10,34.47,3,1
2026-01-22,C3,12,24.85,3,1
2026-01-22,C3,14,19.03,3,1
2026-01-22,C3,16,23.65,3,1
2026-01-22,C3,18,49.13,3,1
2026-01-22,C3,20,80.48,3,1
2026-01-22,C3,22,65.47,3,1
2026-01-22,C4,0,74.24,3,1
2026-01-22,C4,2,69.75,3,1
2026-01-22,C4,4,34.58,3,1
2026-01-22,C4,6,41.95,3,1
2026-01-22,C4,8,32.93,3,1
2026-01-22,C4,10,47.13,3,1
2026-01-22,C4,12,18.61,3,1
2026-01-22,C4,14,20.6,3,1
2026-01-22,C4,16,20.85,3,1
2026-01-22,C4,18,38.45,3,1
2026-01-22,C4,20,76.16,3,1
2026-01-22,C4,22,65.01,3,1
2026-01-22,C5,0,79.15,3,1
2026-01-22,C5,2,55.87,3,1
2026-01-22,C5,4,40.76,3,1
2026-01-22,C5,6,51.63,3,1
2026-01-22,C5,8,34.0,3,1
2026-01-22,C5,10,35.93,3,1
2026-01-22,C5,12,21.54,3,1
2026-01-22,C5,14,20.54,3,1
2026-01-22,C5,16,21.05,3,1
2026-01-22,C5,18,42.94,3,1
2026-01-22,C5,20,76.66,3,1
2026-01-22,C5,22,81.65,3,1
2026-01-22,C6,0,74.3,3,1
2026-01-22,C6,2,67.47,3,1
2026-01-22,C6,4,44.04,3,1
2026-01-22,C6,6,51.4,3,1
2026-01-22,C6,8,39.2,3,1
2026-01-22,C6,10,34.15,3,1
2026-01-22,C6,12,23.32,3,1
2026-01-22,C6,14,19.64,3,1
2026-01-22,C6,16,13.48,3,1
2026-01-22,C6,18,45.08,3,1
2026-01-22,C6,20,64.38,3,1
2026-01-22,C6,22,69.05,3,1
2026-01-22,Common Area,0,73.49,3,1
2026-01-22,Common Area,2,72.0,3,1
2026-01-22,Common Area,4,44.26,3,1
2026-01-22,Common Area,6,37.39,3,1
2026-01-22,Common Area,8,43.08,3,1
2026-01-22,Common Area,10,38.44,3,1
2026-01-22,Common Area,12,22.22,3,1
2026-01-22,Common Area,14,21.85,3,1
2026-01-22,Common Area,16,17.19,3,1
2026-01-22,Common Area,18,46.52,3,1
2026-01-22,Common Area,20,64.37,3,1
2026-01-22,Common Area,22,78.48,3,1
2026-01-23,A1,0,73.86,4,1
2026-01-23,A1,2,89.3,4,1
2026-01-23,A1,4,38.66,4,1
2026-01-23,A1,6,37.9,4,1
2026-01-23,A1,8,39.88,4,1
2026-01-23,A1,10,38.18,4,1
2026-01-23,A1,12,22.4,4,1
2026-01-23,A1,14,15.15,4,1
2026-01-23,A1,16,16.84,4,1
2026-01-23,A1,18,33.59,4,1
2026-01-23,A1,20,79.98,4,1
2026-01-23,A1,22,87.96,4,1
2026-01-23,A2,0,68.9,4,1
2026-01-23,A2,2,68.23,4,1
2026-01-23,A2,4,40.42,4,1
2026-01-23,A2,6,46.97,4,1
2026-01-23,A2,8,34.44,4,1
2026-01-23,A2,10,41.43,4,1
2026-01-23,A2,12,22.93,4,1
2026-01-23,A2,14,21.5,4,1
2026-01-23,A2,16,20.57,4,1
2026-01-23,A2,18,46.01,4,1
2026-01-23,A2,20,41.62,4,1
2026-01-23,A2,22,77.12,4,1
2026-01-23,A3,0,63.13,4,1
2026-01-23,A3,2,50.78,4,1
2026-01-23,A3,4,43.07,4,1
2026-01-23,A3,6,48.24,4,1
2026-01-23,A3,8,39.18,4,1
2026-01-23,A3,10,45.72,4,1
2026-01-23,A3,12,24.84,4,1
2026-01-23,A3,14,23.94,4,1
2026-01-23,A3,16,24.92,4,1
2026-01-23,A3,18,44.45,4,1
2026-01-23,A3,20,70.79,4,1
2026-01-23,A3,22,53.18,4,1
2026-01-23,A4,0,67.42,4,1
2026-01-23,A4,2,61.15,4,1
2026-01-23,A4,4,53.03,4,1
2026-01-23,A4,6,38.94,4,1
2026-01-23,A4,8,40.74,4,1
2026-01-23,A4,10,43.31,4,1
2026-01-23,A4,12,20.13,4,1
2026-01-23,A4,14,25.09,4,1
2026-01-23,A4,16,18.13,4,1
2026-01-23,A4,18,41.17,4,1
2026-01-23,A4,20,62.2,4,1
2026-01-23,A4,22,56.14,4,1
2026-01-23,A5,0,63.58,4,1
2026-01-23,A5,2,69.61,4,1
2026-01-23,A5,4,37.42,4,1
2026-01-23,A5,6,35.85,4,1
2026-01-23,A5,8,31.56,4,1
2026-01-23,A5,10,39.5,4,1
2026-01-23,A5,12,15.49,4,1
2026-01-23,A5,14,22.28,4,1
2026-01-23,A5,16,20.25,4,1
2026-01-23,A5,18,31.25,4,1
2026-01-23,A5,20,66.75,4,1
2026-01-23,A5,22,62.1,4,1
2026-01-23,A6,0,73.35,4,1
2026-01-23,A6,2,84.07,4,1
2026-01-23,A6,4,28.75,4,1
2026-01-23,A6,6,40.69,4,1
2026-01-23,A6,8,39.04,4,1
2026-01-23,A6,10,44.03,4,1
2026-01-23,A6,12,20.64,4,1
2026-01-23,A6,14,17.74,4,1
2026-01-23,A6,16,19.04,4,1
2026-01-23,A6,18,35.22,4,1
2026-01-23,A6,20,81.3,4,1
2026-01-23,A6,22,70.22,4,1
2026-01-23,B1,0,19.28,4,1
2026-01-23,B1,2,14.86,4,1
2026-01-23,B1,4,13.41,4,1
2026-01-23,B1,6,11.59,4,1
2026-01-23,B1,8,25.53,4,1
2026-01-23,B1,10,60.99,4,1
2026-01-23,B1,12,83.21,4,1
2026-01-23,B1,14,86.1,4,1
2026-01-23,B1,16,26.7,4,1
2026-01-23,B1,18,39.7,4,1
2026-01-23,B1,20,32.46,4,1
2026-01-23,B1,22,35.77,4,1
2026-01-23,B2,0,18.63,4,1
2026-01-23,B2,2,17.02,4,1
2026-01-23,B2,4,14.4,4,1
2026-01-23,B2,6,12.99,4,1
2026-01-23,B2,8,23.7,4,1
2026-01-23,B2,10,71.37,4,1
2026-01-23,B2,12,77.47,4,1
2026-01-23,B2,14,68.15,4,1
2026-01-23,B2,16,34.31,4,1
2026-01-23,B2,18,35.4,4,1
2026-01-23,B2,20,33.82,4,1
2026-01-23,B2,22,31.59,4,1
2026-01-23,B3,0,15.38,4,1
2026-01-23,B3,2,15.99,4,1
2026-01-23,B3,4,12.55,4,1
2026-01-23,B3,6,18.17,4,1
2026-01-23,B3,8,34.48,4,1
2026-01-23,B3,10,80.23,4,1
2026-01-23,B3,12,88.5,4,1
2026-01-23,B3,14,82.8,4,1
2026-01-23,B3,16,40.0,4,1
2026-01-23,B3,18,36.51,4,1
2026-01-23,B3,20,31.78,4,1
2026-01-23,B3,22,36.9,4,1
2026-01-23,C1,0,57.99,4,1
2026-01-23,C1,2,71.14,4,1
2026-01-23,C1,4,39.8,4,1
2026-01-23,C1,6,38.75,4,1
2026-01-23,C1,8,39.23,4,1
2026-01-23,C1,10,28.71,4,1
2026-01-23,C1,12,18.35,4,1
2026-01-23,C1,14,20.28,4,1
2026-01-23,C1,16,20.48,4,1
2026-01-23,C1,18,33.83,4,1
2026-01-23,C1,20,83.29,4,1
2026-01-23,C1,22,60.91,4,1
2026-01-23,C2,0,80.18,4,1
2026-01-23,C2,2,74.49,4,1
2026-01-23,C2,4,36.12,4,1
2026-01-23,C2,6,50.65,4,1
2026-01-23,C2,8,32.84,4,1
2026-01-23,C2,10,45.51,4,1
2026-01-23,C2,12,23.0,4,1
2026-01-23,C2,14,17.99,4,1
2026-01-23,C2,16,24.18,4,1
2026-01-23,C2,18,38.5,4,1
2026-01-23,C2,20,73.03,4,1
2026-01-23,C2,22,72.73,4,1
2026-01-23,C3,0,68.59,4,1
2026-01-23,C3,2,78.51,4,1
2026-01-23,C3,4,44.76,4,1
2026-01-23,C3,6,29.51,4,1
2026-01-23,C3,8,47.83,4,1
2026-01-23,C3,10,30.03,4,1
2026-01-23,C3,12,23.1,4,1
2026-01-23,C3,14,23.38,4,1
2026-01-23,C3,16,16.73,4,1
2026-01-23,C3,18,37.54,4,1
2026-01-23,C3,20,58.39,4,1
2026-01-23,C3,22,67.74,4,1
2026-01-23,C4,0,66.77,4,1
2026-01-23,C4,2,78.19,4,1
2026-01-23,C4,4,47.86,4,1
2026-01-23,C4,6,48.37,4,1
2026-01-23,C4,8,36.63,4,1
2026-01-23,C4,10,38.74,4,1
2026-01-23,C4,12,14.95,4,1
2026-01-23,C4,14,17.58,4,1
2026-01-23,C4,16,22.89,4,1
2026-01-23,C4,18,49.69,4,1
2026-01-23,C4,20,57.04,4,1
2026-01-23,C4,22,63.78,4,1
2026-01-23,C5,0,69.72,4,1
2026-01-23,C5,2,72.94,4,1
2026-01-23,C5,4,35.14,4,1
2026-01-23,C5,6,42.54,4,1
2026-01-23,C5,8,37.16,4,1
2026-01-23,C5,10,39.91,4,1
2026-01-23,C5,12,21.64,4,1
2026-01-23,C5,14,20.02,4,1
2026-01-23,C5,16,18.69,4,1
2026-01-23,C5,18,39.34,4,1
2026-01-23,C5,20,69.07,4,1
2026-01-23,C5,22,66.11,4,1
2026-01-23,C6,0,67.28,4,1
2026-01-23,C6,2,86.79,4,1
2026-01-23,C6,4,43.37,4,1
2026-01-23,C6,6,38.23,4,1
2026-01-23,C6,8,44.18,4,1
2026-01-23,C6,10,38.0,4,1
2026-01-23,C6,12,23.52,4,1
2026-01-23,C6,14,21.11,4,1
2026-01-23,C6,16,19.68,4,1
2026-01-23,C6,18,42.69,4,1
2026-01-23,C6,20,53.51,4,1
2026-01-23,C6,22,58.17,4,1
2026-01-23,Common Area,0,57.46,4,1
2026-01-23,Common Area,2,71.5,4,1
2026-01-23,Common Area,4,50.4,4,1
2026-01-23,Common Area,6,53.39,4,1
2026-01-23,Common Area,8,43.83,4,1
2026-01-23,Common Area,10,43.01,4,1
2026-01-23,Common Area,12,14.6,4,1
2026-01-23,Common Area,14,18.37,4,1
2026-01-23,Common Area,16,17.64,4,1
2026-01-23,Common Area,18,36.27,4,1
2026-01-23,Common Area,20,68.23,4,1
2026-01-23,Common Area,22,65.04,4,1
2026-01-24,A1,0,49.22,5,1
2026-01-24,A1,2,77.85,5,1
2026-01-24,A1,4,33.56,5,1
2026-01-24,A1,6,41.44,5,1
2026-01-24,A1,8,52.44,5,1
2026-01-24,A1,10,34.48,5,1
2026-01-24,A1,12,12.41,5,1
2026-01-24,A1,14,19.14,5,1
2026-01-24,A1,16,23.3,5,1
2026-01-24,A1,18,51.75,5,1
2026-01-24,A1,20,57.09,5,1
2026-01-24,A1,22,75.22,5,1
2026-01-24,A2,0,65.11,5,1
2026-01-24,A2,2,68.89,5,1
2026-01-24,A2,4,55.87,5,1
2026-01-24,A2,6,30.98,5,1
2026-01-24,A2,8,41.52,5,1
2026-01-24,A2,10,42.81,5,1
2026-01-24,A2,12,23.26,5,1
2026-01-24,A2,14,20.29,5,1
2026-01-24,A2,16,20.92,5,1
2026-01-24,A2,18,37.65,5,1
2026-01-24,A2,20,72.83,5,1
2026-01-24,A2,22,66.4,5,1
2026-01-24,A3,0,76.53,5,1
2026-01-24,A3,2,66.12,5,1
2026-01-24,A3,4,42.26,5,1
2026-01-24,A3,6,39.82,5,1
2026-01-24,A3,8,46.76,5,1
2026-01-24,A3,10,39.69,5,1
2026-01-24,A3,12,14.68,5,1
2026-01-24,A3,14,23.79,5,1
2026-01-24,A3,16,17.28,5,1
2026-01-24,A3,18,36.08,5,1
2026-01-24,A3,20,63.75,5,1
2026-01-24,A3,22,84.43,5,1
2026-01-24,A4,0,47.58,5,1
2026-01-24,A4,2,102.95,5,1
2026-01-24,A4,4,46.34,5,1
2026-01-24,A4,6,41.34,5,1
2026-01-24,A4,8,39.67,5,1
2026-01-24,A4,10,41.71,5,1
2026-01-24,A4,12,21.56,5,1
2026-01-24,A4,14,21.94,5,1
2026-01-24,A4,16,21.67,5,1
2026-01-24,A4,18,40.54,5,1
2026-01-24,A4,20,67.93,5,1
2026-01-24,A4,22,68.41,5,1
2026-01-24,A5,0,67.95,5,1
2026-01-24,A5,2,81.9,5,1
2026-01-24,A5,4,43.56,5,1
2026-01-24,A5,6,22.36,5,1
2026-01-24,A5,8,43.94,5,1
2026-01-24,A5,10,41.17,5,1
2026-01-24,A5,12,19.94,5,1
2026-01-24,A5,14,18.83,5,1
2026-01-24,A5,16,23.37,5,1
2026-01-24,A5,18,45.69,5,1
2026-01-24,A5,20,61.88,5,1
2026-01-24,A5,22,74.27,5,1
2026-01-24,A6,0,59.8,5,1
2026-01-24,A6,2,55.51,5,1
2026-01-24,A6,4,36.24,5,1
2026-01-24,A6,6,45.17,5,1
2026-01-24,A6,8,45.72,5,1
2026-01-24,A6,10,43.08,5,1
2026-01-24,A6,12,22.18,5,1
2026-01-24,A6,14,21.55,5,1
2026-01-24,A6,16,18.08,5,1
2026-01-24,A6,18,42.59,5,1
2026-01-24,A6,20,78.4,5,1
2026-01-24,A6,22,77.92,5,1
2026-01-24,B1,0,17.68,5,1
2026-01-24,B1,2,16.59,5,1
2026-01-24,B1,4,15.79,5,1
2026-01-24,B1,6,17.41,5,1
2026-01-24,B1,8,34.86,5,1
2026-01-24,B1,10,69.42,5,1
2026-01-24,B1,12,78.04,5,1
2026-01-24,B1,14,71.06,5,1
2026-01-24,B1,16,31.46,5,1
2026-01-24,B1,18,34.24,5,1
2026-01-24,B1,20,30.84,5,1
2026-01-24,B1,22,33.38,5,1
2026-01-24,B2,0,10.74,5,1
2026-01-24,B2,2,15.48,5,1
2026-01-24,B2,4,15.0,5,1
2026-01-24,B2,6,13.16,5,1
2026-01-24,B2,8,38.46,5,1
2026-01-24,B2,10,91.25,5,1
2026-01-24,B2,12,60.71,5,1
2026-01-24,B2,14,70.85,5,1
2026-01-24,B2,16,30.96,5,1
2026-01-24,B2,18,30.07,5,1
2026-01-24,B2,20,39.35,5,1
2026-01-24,B2,22,33.98,5,1
2026-01-24,B3,0,14.4,5,1
2026-01-24,B3,2,10.49,5,1
2026-01-24,B3,4,16.43,5,1
2026-01-24,B3,6,12.21,5,1
2026-01-24,B3,8,35.31,5,1
2026-01-24,B3,10,83.33,5,1
2026-01-24,B3,12,96.33,5,1
2026-01-24,B3,14,64.29,5,1
2026-01-24,B3,16,19.15,5,1
2026-01-24,B3,18,35.97,5,1
2026-01-24,B3,20,44.45,5,1
2026-01-24,B3,22,41.5,5,1
2026-01-24,C1,0,72.2,5,1
2026-01-24,C1,2,64.84,5,1
2026-01-24,C1,4,44.84,5,1
2026-01-24,C1,6,34.16,5,1
2026-01-24,C1,8,42.86,5,1
2026-01-24,C1,10,43.03,5,1
2026-01-24,C1,12,23.18,5,1
2026-01-24,C1,14,28.28,5,1
2026-01-24,C1,16,21.18,5,1
2026-01-24,C1,18,36.95,5,1
2026-01-24,C1,20,69.73,5,1
2026-01-24,C1,22,51.42,5,1
2026-01-24,C2,0,62.71,5,1
2026-01-24,C2,2,65.7,5,1
2026-01-24,C2,4,36.86,5,1
2026-01-24,C2,6,40.91,5,1
2026-01-24,C2,8,35.07,5,1
2026-01-24,C2,10,46.73,5,1
2026-01-24,C2,12,20.0,5,1
2026-01-24,C2,14,19.97,5,1
2026-01-24,C2,16,19.02,5,1
2026-01-24,C2,18,40.93,5,1
2026-01-24,C2,20,78.66,5,1
2026-01-24,C2,22,60.9,5,1
2026-01-24,C3,0,63.09,5,1
2026-01-24,C3,2,66.81,5,1
2026-01-24,C3,4,31.92,5,1
2026-01-24,C3,6,35.08,5,1
2026-01-24,C3,8,37.14,5,1
2026-01-24,C3,10,45.25,5,1
2026-01-24,C3,12,20.79,5,1
2026-01-24,C3,14,20.58,5,1
2026-01-24,C3,16,22.55,5,1
2026-01-24,C3,18,39.18,5,1
2026-01-24,C3,20,74.1,5,1
2026-01-24,C3,22,68.92,5,1
2026-01-24,C4,0,72.79,5,1
2026-01-24,C4,2,63.88,5,1
2026-01-24,C4,4,25.37,5,1
2026-01-24,C4,6,39.19,5,1
2026-01-24,C4,8,48.54,5,1
2026-01-24,C4,10,45.56,5,1
2026-01-24,C4,12,22.9,5,1
2026-01-24,C4,14,23.71,5,1
2026-01-24,C4,16,20.27,5,1
2026-01-24,C4,18,41.18,5,1
2026-01-24,C4,20,63.51,5,1
2026-01-24,C4,22,66.68,5,1
2026-01-24,C5,0,76.47,5,1
2026-01-24,C5,2,82.64,5,1
2026-01-24,C5,4,39.16,5,1
2026-01-24,C5,6,37.3,5,1
2026-01-24,C5,8,40.0,5,1
2026-01-24,C5,10,43.61,5,1
2026-01-24,C5,12,15.67,5,1
2026-01-24,C5,14,13.11,5,1
2026-01-24,C5,16,18.35,5,1
2026-01-24,C5,18,32.68,5,1
2026-01-24,C5,20,64.66,5,1
2026-01-24,C5,22,68.45,5,1
2026-01-24,C6,0,65.24,5,1
2026-01-24,C6,2,85.25,5,1
2026-01-24,C6,4,41.96,5,1
2026-01-24,C6,6,41.8,5,1
2026-01-24,C6,8,43.73,5,1
2026-01-24,C6,10,33.17,5,1
2026-01-24,C6,12,23.12,5,1
2026-01-24,C6,14,19.77,5,1
2026-01-24,C6,16,22.01,5,1
2026-01-24,C6,18,33.57,5,1
2026-01-24,C6,20,53.69,5,1
2026-01-24,C6,22,78.59,5,1
2026-01-24,Common Area,0,73.95,5,1
2026-01-24,Common Area,2,60.53,5,1
2026-01-24,Common Area,4,34.78,5,1
2026-01-24,Common Area,6,46.75,5,1
2026-01-24,Common Area,8,32.86,5,1
2026-01-24,Common Area,10,49.86,5,1
2026-01-24,Common Area,12,17.3,5,1
2026-01-24,Common Area,14,21.92,5,1
2026-01-24,Common Area,16,19.01,5,1
2026-01-24,Common Area,18,43.62,5,1
2026-01-24,Common Area,20,64.29,5,1
2026-01-24,Common Area,22,68.29,5,1
2026-01-25,A1,0,70.43,6,1
2026-01-25,A1,2,59.48,6,1
2026-01-25,A1,4,44.44,6,1
2026-01-25,A1,6,36.92,6,1
2026-01-25,A1,8,38.63,6,1
2026-01-25,A1,10,34.03,6,1
2026-01-25,A1,12,12.31,6,1
2026-01-25,A1,14,19.43,6,1
2026-01-25,A1,16,27.24,6,1
2026-01-25,A1,18,44.71,6,1
2026-01-25,A1,20,69.8,6,1
2026-01-25,A1,22,67.24,6,1
2026-01-25,A2,0,70.24,6,1
2026-01-25,A2,2,75.74,6,1
2026-01-25,A2,4,32.92,6,1
2026-01-25,A2,6,46.69,6,1
2026-01-25,A2,8,44.29,6,1
2026-01-25,A2,10,44.31,6,1
2026-01-25,A2,12,21.32,6,1
2026-01-25,A2,14,20.06,6,1
2026-01-25,A2,16,22.02,6,1
2026-01-25,A2,18,43.55,6,1
2026-01-25,A2,20,66.28,6,1
2026-01-25,A2,22,63.98,6,1
2026-01-25,A3,0,71.07,6,1
2026-01-25,A3,2,86.26,6,1
2026-01-25,A3,4,32.57,6,1
2026-01-25,A3,6,31.19,6,1
2026-01-25,A3,8,40.99,6,1
2026-01-25,A3,10,40.31,6,1
2026-01-25,A3,12,20.52,6,1
2026-01-25,A3,14,20.73,6,1
2026-01-25,A3,16,19.33,6,1
2026-01-25,A3,18,48.94,6,1
2026-01-25,A3,20,53.19,6,1
2026-01-25,A3,22,61.3,6,1
2026-01-25,A4,0,68.92,6,1
2026-01-25,A4,2,52.75,6,1
2026-01-25,A4,4,38.94,6,1
2026-01-25,A4,6,49.97,6,1
2026-01-25,A4,8,40.13,6,1
2026-01-25,A4,10,41.38,6,1
2026-01-25,A4,12,16.22,6,1
2026-01-25,A4,14,18.15,6,1
2026-01-25,A4,16,18.87,6,1
2026-01-25,A4,18,38.09,6,1
2026-01-25,A4,20,83.46,6,1
2026-01-25,A4,22,75.86,6,1
2026-01-25,A5,0,58.33,6,1
2026-01-25,A5,2,72.59,6,1
2026-01-25,A5,4,42.99,6,1
2026-01-25,A5,6,46.84,6,1
2026-01-25,A5,8,49.48,6,1
2026-01-25,A5,10,33.91,6,1
2026-01-25,A5,12,17.57,6,1
2026-01-25,A5,14,16.23,6,1
2026-01-25,A5,16,19.3,6,1
2026-01-25,A5,18,42.8,6,1
2026-01-25,A5,20,80.37,6,1
2026-01-25,A5,22,69.2,6,1
2026-01-25,A6,0,66.64,6,1
2026-01-25,A6,2,71.59,6,1
2026-01-25,A6,4,34.99,6,1
2026-01-25,A6,6,52.54,6,1
2026-01-25,A6,8,30.35,6,1
2026-01-25,A6,10,41.11,6,1
2026-01-25,A6,12,26.07,6,1
2026-01-25,A6,14,20.02,6,1
2026-01-25,A6,16,19.43,6,1
2026-01-25,A6,18,37.86,6,1
2026-01-25,A6,20,68.11,6,1
2026-01-25,A6,22,84.41,6,1
2026-01-25,B1,0,10.02,6,1
2026-01-25,B1,2,18.45,6,1
2026-01-25,B1,4,11.8,6,1
2026-01-25,B1,6,14.4,6,1
2026-01-25,B1,8,32.75,6,1
2026-01-25,B1,10,87.06,6,1
2026-01-25,B1,12,60.82,6,1
2026-01-25,B1,14,85.55,6,1
2026-01-25,B1,16,45.63,6,1
2026-01-25,B1,18,27.84,6,1
2026-01-25,B1,20,36.0,6,1
2026-01-25,B1,22,31.52,6,1
2026-01-25,B2,0,15.96,6,1
2026-01-25,B2,2,15.04,6,1
2026-01-25,B2,4,13.56,6,1
2026-01-25,B2,6,16.1,6,1
2026-01-25,B2,8,44.47,6,1
2026-01-25,B2,10,77.71,6,1
2026-01-25,B2,12,88.64,6,1
2026-01-25,B2,14,64.48,6,1
2026-01-25,B2,16,29.98,6,1
2026-01-25,B2,18,37.48,6,1
2026-01-25,B2,20,42.79,6,1
2026-01-25,B2,22,36.87,6,1
2026-01-25,B3,0,14.3,6,1
2026-01-25,B3,2,15.0,6,1
2026-01-25,B3,4,12.19,6,1
2026-01-25,B3,6,16.36,6,1
2026-01-25,B3,8,39.63,6,1
2026-01-25,B3,10,74.57,6,1
2026-01-25,B3,12,74.36,6,1
2026-01-25,B3,14,83.19,6,1
2026-01-25,B3,16,32.71,6,1
2026-01-25,B3,18,34.65,6,1
2026-01-25,B3,20,46.02,6,1
2026-01-25,B3,22,33.7,6,1
2026-01-25,C1,0,66.24,6,1
2026-01-25,C1,2,63.2,6,1
2026-01-25,C1,4,44.47,6,1
2026-01-25,C1,6,38.91,6,1
2026-01-25,C1,8,36.1,6,1
2026-01-25,C1,10,47.93,6,1
2026-01-25,C1,12,24.26,6,1
2026-01-25,C1,14,18.2,6,1
2026-01-25,C1,16,14.4,6,1
2026-01-25,C1,18,46.05,6,1
2026-01-25,C1,20,62.81,6,1
2026-01-25,C1,22,78.3,6,1
2026-01-25,C2,0,49.31,6,1
2026-01-25,C2,2,79.37,6,1
2026-01-25,C2,4,32.73,6,1
2026-01-25,C2,6,44.38,6,1
2026-01-25,C2,8,40.09,6,1
2026-01-25,C2,10,34.28,6,1
2026-01-25,C2,12,18.78,6,1
2026-01-25,C2,14,22.06,6,1
2026-01-25,C2,16,20.32,6,1
2026-01-25,C2,18,43.51,6,1
2026-01-25,C2,20,90.75,6,1
2026-01-25,C2,22,53.58,6,1
2026-01-25,C3,0,86.98,6,1
2026-01-25,C3,2,71.1,6,1
2026-01-25,C3,4,34.61,6,1
2026-01-25,C3,6,32.02,6,1
2026-01-25,C3,8,38.87,6,1
2026-01-25,C3,10,45.53,6,1
2026-01-25,C3,12,19.62,6,1
2026-01-25,C3,14,24.53,6,1
2026-01-25,C3,16,15.65,6,1
2026-01-25,C3,18,39.93,6,1
2026-01-25,C3,20,56.85,6,1
2026-01-25,C3,22,73.82,6,1
2026-01-25,C4,0,79.31,6,1
2026-01-25,C4,2,65.58,6,1
2026-01-25,C4,4,24.37,6,1
2026-01-25,C4,6,41.19,6,1
2026-01-25,C4,8,42.62,6,1
2026-01-25,C4,10,42.43,6,1
2026-01-25,C4,12,23.71,6,1
2026-01-25,C4,14,16.79,6,1
2026-01-25,C4,16,22.04,6,1
2026-01-25,C4,18,47.16,6,1
2026-01-25,C4,20,51.32,6,1
2026-01-25,C4,22,73.36,6,1
2026-01-25,C5,0,64.71,6,1
2026-01-25,C5,2,69.14,6,1
2026-01-25,C5,4,42.09,6,1
2026-01-25,C5,6,37.08,6,1
2026-01-25,C5,8,35.95,6,1
2026-01-25,C5,10,40.2,6,1
2026-01-25,C5,12,16.74,6,1
2026-01-25,C5,14,16.74,6,1
2026-01-25,C5,16,22.04,6,1
2026-01-25,C5,18,33.11,6,1
2026-01-25,C5,20,77.0,6,1
2026-01-25,C5,22,74.86,6,1
2026-01-25,C6,0,51.88,6,1
2026-01-25,C6,2,62.89,6,1
2026-01-25,C6,4,47.16,6,1
2026-01-25,C6,6,34.11,6,1
2026-01-25,C6,8,37.21,6,1
2026-01-25,C6,10,42.77,6,1
2026-01-25,C6,12,22.35,6,1
2026-01-25,C6,14,19.25,6,1
2026-01-25,C6,16,18.21,6,1
2026-01-25,C6,18,48.53,6,1
2026-01-25,C6,20,88.26,6,1
2026-01-25,C6,22,80.28,6,1
2026-01-25,Common Area,0,70.9,6,1
2026-01-25,Common Area,2,61.51,6,1
2026-01-25,Common Area,4,35.02,6,1
2026-01-25,Common Area,6,43.14,6,1
2026-01-25,Common Area,8,42.51,6,1
2026-01-25,Common Area,10,48.41,6,1
2026-01-25,Common Area,12,21.95,6,1
2026-01-25,Common Area,14,15.49,6,1
2026-01-25,Common Area,16,23.16,6,1
2026-01-25,Common Area,18,34.01,6,1
2026-01-25,Common Area,20,65.97,6,1
2026-01-25,Common Area,22,72.63,6,1
2026-01-26,A1,0,90.95,0,1
2026-01-26,A1,2,102.65,0,1
2026-01-26,A1,4,43.64,0,1
2026-01-26,A1,6,38.9,0,1
2026-01-26,A1,8,43.21,0,1
2026-01-26,A1,10,45.33,0,1
2026-01-26,A1,12,19.04,0,1
2026-01-26,A1,14,25.39,0,1
2026-01-26,A1,16,20.69,0,1
2026-01-26,A1,18,42.99,0,1
2026-01-26,A1,20,76.99,0,1
2026-01-26,A1,22,74.43,0,1
2026-01-26,A2,0,78.81,0,1
2026-01-26,A2,2,63.52,0,1
2026-01-26,A2,4,36.65,0,1
2026-01-26,A2,6,33.4,0,1
2026-01-26,A2,8,42.64,0,1
2026-01-26,A2,10,44.67,0,1
2026-01-26,A2,12,21.37,0,1
2026-01-26,A2,14,25.02,0,1
2026-01-26,A2,16,19.98,0,1
2026-01-26,A2,18,44.01,0,1
2026-01-26,A2,20,58.54,0,1
2026-01-26,A2,22,65.94,0,1
2026-01-26,A3,0,77.3,0,1
2026-01-26,A3,2,78.92,0,1
2026-01-26,A3,4,38.24,0,1
2026-01-26,A3,6,39.57,0,1
2026-01-26,A3,8,30.89,0,1
2026-01-26,A3,10,37.86,0,1
2026-01-26,A3,12,22.67,0,1
2026-01-26,A3,14,21.73,0,1
2026-01-26,A3,16,21.5,0,1
2026-01-26,A3,18,40.3,0,1
2026-01-26,A3,20,70.07,0,1
2026-01-26,A3,22,63.07,0,1
2026-01-26,A4,0,77.34,0,1
2026-01-26,A4,2,74.42,0,1
2026-01-26,A4,4,42.95,0,1
2026-01-26,A4,6,36.84,0,1
2026-01-26,A4,8,27.08,0,1
2026-01-26,A4,10,46.58,0,1
2026-01-26,A4,12,18.56,0,1
2026-01-26,A4,14,17.41,0,1
2026-01-26,A4,16,22.08,0,1
2026-01-26,A4,18,37.65,0,1
2026-01-26,A4,20,81.13,0,1
2026-01-26,A4,22,76.48,0,1
2026-01-26,A5,0,77.18,0,1
2026-01-26,A5,2,55.66,0,1
2026-01-26,A5,4,47.27,0,1
2026-01-26,A5,6,41.57,0,1
2026-01-26,A5,8,37.78,0,1
2026-01-26,A5,10,40.86,0,1
2026-01-26,A5,12,14.67,0,1
2026-01-26,A5,14,21.23,0,1
2026-01-26,A5,16,16.91,0,1
2026-01-26,A5,18,31.88,0,1
2026-01-26,A5,20,54.02,0,1
2026-01-26,A5,22,81.68,0,1
2026-01-26,A6,0,63.39,0,1
2026-01-26,A6,2,86.1,0,1
2026-01-26,A6,4,36.79,0,1
2026-01-26,A6,6,29.76,0,1
2026-01-26,A6,8,33.3,0,1
2026-01-26,A6,10,47.41,0,1
2026-01-26,A6,12,19.53,0,1
2026-01-26,A6,14,18.36,0,1
2026-01-26,A6,16,20.48,0,1
2026-01-26,A6,18,43.01,0,1
2026-01-26,A6,20,81.73,0,1
2026-01-26,A6,22,85.21,0,1
2026-01-26,B1,0,14.19,0,1
2026-01-26,B1,2,12.02,0,1
2026-01-26,B1,4,14.07,0,1
2026-01-26,B1,6,15.59,0,1
2026-01-26,B1,8,29.94,0,1
2026-01-26,B1,10,68.51,0,1
2026-01-26,B1,12,84.13,0,1
2026-01-26,B1,14,79.42,0,1
2026-01-26,B1,16,35.17,0,1
2026-01-26,B1,18,31.02,0,1
2026-01-26,B1,20,33.79,0,1
2026-01-26,B1,22,30.15,0,1
2026-01-26,B2,0,17.0,0,1
2026-01-26,B2,2,17.33,0,1
2026-01-26,B2,4,10.85,0,1
2026-01-26,B2,6,12.91,0,1
2026-01-26,B2,8,27.14,0,1
2026-01-26,B2,10,72.2,0,1
2026-01-26,B2,12,79.0,0,1
2026-01-26,B2,14,62.6,0,1
2026-01-26,B2,16,30.16,0,1
2026-01-26,B2,18,29.73,0,1
2026-01-26,B2,20,36.09,0,1
2026-01-26,B2,22,35.36,0,1
2026-01-26,B3,0,13.38,0,1
2026-01-26,B3,2,15.4,0,1
2026-01-26,B3,4,13.77,0,1
2026-01-26,B3,6,14.39,0,1
2026-01-26,B3,8,43.79,0,1
2026-01-26,B3,10,96.09,0,1
2026-01-26,B3,12,64.41,0,1
2026-01-26,B3,14,89.96,0,1
2026-01-26,B3,16,39.26,0,1
2026-01-26,B3,18,28.97,0,1
2026-01-26,B3,20,39.3,0,1
2026-01-26,B3,22,43.07,0,1
2026-01-26,C1,0,58.21,0,1
2026-01-26,C1,2,60.37,0,1
2026-01-26,C1,4,46.11,0,1
2026-01-26,C1,6,41.63,0,1
2026-01-26,C1,8,43.31,0,1
2026-01-26,C1,10,42.04,0,1
2026-01-26,C1,12,21.17,0,1
2026-01-26,C1,14,16.02,0,1
2026-01-26,C1,16,23.14,0,1
2026-01-26,C1,18,47.02,0,1
2026-01-26,C1,20,67.59,0,1
2026-01-26,C1,22,69.54,0,1
2026-01-26,C2,0,53.92,0,1
2026-01-26,C2,2,75.4,0,1
2026-01-26,C2,4,43.43,0,1
2026-01-26,C2,6,39.63,0,1
2026-01-26,C2,8,46.75,0,1
2026-01-26,C2,10,38.0,0,1
2026-01-26,C2,12,21.69,0,1
2026-01-26,C2,14,16.94,0,1
2026-01-26,C2,16,19.93,0,1
2026-01-26,C2,18,38.95,0,1
2026-01-26,C2,20,72.37,0,1
2026-01-26,C2,22,66.12,0,1
2026-01-26,C3,0,68.62,0,1
2026-01-26,C3,2,78.67,0,1
2026-01-26,C3,4,37.38,0,1
2026-01-26,C3,6,30.36,0,1
2026-01-26,C3,8,50.5,0,1
2026-01-26,C3,10,48.29,0,1
2026-01-26,C3,12,16.12,0,1
2026-01-26,C3,14,22.07,0,1
2026-01-26,C3,16,18.49,0,1
2026-01-26,C3,18,41.58,0,1
2026-01-26,C3,20,73.09,0,1
2026-01-26,C3,22,67.54,0,1
2026-01-26,C4,0,61.77,0,1
2026-01-26,C4,2,62.75,0,1
2026-01-26,C4,4,34.5,0,1
2026-01-26,C4,6,35.01,0,1
2026-01-26,C4,8,39.6,0,1
2026-01-26,C4,10,35.71,0,1
2026-01-26,C4,12,22.05,0,1
2026-01-26,C4,14,24.46,0,1
2026-01-26,C4,16,18.26,0,1
2026-01-26,C4,18,41.44,0,1
2026-01-26,C4,20,75.25,0,1
2026-01-26,C4,22,74.96,0,1
2026-01-26,C5,0,70.8,0,1
2026-01-26,C5,2,77.8,0,1
2026-01-26,C5,4,42.89,0,1
2026-01-26,C5,6,32.57,0,1
2026-01-26,C5,8,45.21,0,1
2026-01-26,C5,10,45.32,0,1
2026-01-26,C5,12,17.71,0,1
2026-01-26,C5,14,20.11,0,1
2026-01-26,C5,16,22.05,0,1
2026-01-26,C5,18,38.74,0,1
2026-01-26,C5,20,81.27,0,1
2026-01-26,C5,22,94.82,0,1
2026-01-26,C6,0,61.75,0,1
2026-01-26,C6,2,55.5,0,1
2026-01-26,C6,4,41.82,0,1
2026-01-26,C6,6,44.33,0,1
2026-01-26,C6,8,38.61,0,1
2026-01-26,C6,10,48.72,0,1
2026-01-26,C6,12,15.98,0,1
2026-01-26,C6,14,22.08,0,1
2026-01-26,C6,16,18.18,0,1
2026-01-26,C6,18,50.32,0,1
2026-01-26,C6,20,90.92,0,1
2026-01-26,C6,22,61.95,0,1
2026-01-26,Common Area,0,64.23,0,1
2026-01-26,Common Area,2,79.03,0,1
2026-01-26,Common Area,4,37.68,0,1
2026-01-26,Common Area,6,39.73,0,1
2026-01-26,Common Area,8,40.15,0,1
2026-01-26,Common Area,10,28.48,0,1
2026-01-26,Common Area,12,19.96,0,1
2026-01-26,Common Area,14,17.93,0,1
2026-01-26,Common Area,16,18.52,0,1
2026-01-26,Common Area,18,48.66,0,1
2026-01-26,Common Area,20,56.81,0,1
2026-01-26,Common Area,22,78.54,0,1
2026-01-27,A1,0,67.07,1,1
2026-01-27,A1,2,67.06,1,1
2026-01-27,A1,4,44.74,1,1
2026-01-27,A1,6,42.04,1,1
2026-01-27,A1,8,43.42,1,1
2026-01-27,A1,10,45.81,1,1
2026-01-27,A1,12,19.01,1,1
2026-01-27,A1,14,18.16,1,1
2026-01-27,A1,16,16.74,1,1
2026-01-27,A1,18,35.05,1,1
2026-01-27,A1,20,100.97,1,1
2026-01-27,A1,22,83.07,1,1
2026-01-27,A2,0,55.81,1,1
2026-01-27,A2,2,56.11,1,1
2026-01-27,A2,4,42.89,1,1
2026-01-27,A2,6,43.28,1,1
2026-01-27,A2,8,43.29,1,1
2026-01-27,A2,10,38.47,1,1
2026-01-27,A2,12,19.62,1,1
2026-01-27,A2,14,20.98,1,1
2026-01-27,A2,16,20.26,1,1
2026-01-27,A2,18,26.68,1,1
2026-01-27,A2,20,67.59,1,1
2026-01-27,A2,22,61.06,1,1
2026-01-27,A3,0,71.84,1,1
2026-01-27,A3,2,101.35,1,1
2026-01-27,A3,4,42.2,1,1
2026-01-27,A3,6,38.12,1,1
2026-01-27,A3,8,45.53,1,1
2026-01-27,A3,10,42.9,1,1
2026-01-27,A3,12,21.26,1,1
2026-01-27,A3,14,21.82,1,1
2026-01-27,A3,16,26.17,1,1
2026-01-27,A3,18,33.21,1,1
2026-01-27,A3,20,74.97,1,1
2026-01-27,A3,22,60.27,1,1
2026-01-27,A4,0,75.83,1,1
2026-01-27,A4,2,60.35,1,1
2026-01-27,A4,4,37.5,1,1
2026-01-27,A4,6,38.23,1,1
2026-01-27,A4,8,45.85,1,1
2026-01-27,A4,10,45.51,1,1
2026-01-27,A4,12,16.26,1,1
2026-01-27,A4,14,20.16,1,1
2026-01-27,A4,16,17.87,1,1
2026-01-27,A4,18,32.45,1,1
2026-01-27,A4,20,67.72,1,1
2026-01-27,A4,22,66.76,1,1
2026-01-27,A5,0,95.48,1,1
2026-01-27,A5,2,74.55,1,1
2026-01-27,A5,4,31.73,1,1
2026-01-27,A5,6,36.61,1,1
2026-01-27,A5,8,46.13,1,1
2026-01-27,A5,10,52.53,1,1
2026-01-27,A5,12,15.24,1,1
2026-01-27,A5,14,14.36,1,1
2026-01-27,A5,16,25.61,1,1
2026-01-27,A5,18,42.34,1,1
2026-01-27,A5,20,60.88,1,1
2026-01-27,A5,22,75.61,1,1
2026-01-27,A6,0,42.32,1,1
2026-01-27,A6,2,70.04,1,1
2026-01-27,A6,4,41.97,1,1
2026-01-27,A6,6,45.55,1,1
2026-01-27,A6,8,33.92,1,1
2026-01-27,A6,10,40.51,1,1
2026-01-27,A6,12,17.22,1,1
2026-01-27,A6,14,20.77,1,1
2026-01-27,A6,16,17.31,1,1
2026-01-27,A6,18,37.55,1,1
2026-01-27,A6,20,59.54,1,1
2026-01-27,A6,22,76.84,1,1
2026-01-27,B1,0,16.93,1,1
2026-01-27,B1,2,14.47,1,1
2026-01-27,B1,4,15.09,1,1
2026-01-27,B1,6,11.74,1,1
2026-01-27,B1,8,33.43,1,1
2026-01-27,B1,10,79.4,1,1
2026-01-27,B1,12,111.45,1,1
2026-01-27,B1,14,66.66,1,1
2026-01-27,B1,16,42.69,1,1
2026-01-27,B1,18,40.23,1,1
2026-01-27,B1,20,36.47,1,1
2026-01-27,B1,22,44.23,1,1
2026-01-27,B2,0,15.84,1,1
2026-01-27,B2,2,15.88,1,1
2026-01-27,B2,4,14.88,1,1
2026-01-27,B2,6,17.75,1,1
2026-01-27,B2,8,40.76,1,1
2026-01-27,B2,10,72.49,1,1
2026-01-27,B2,12,64.17,1,1
2026-01-27,B2,14,77.56,1,1
2026-01-27,B2,16,30.8,1,1
2026-01-27,B2,18,34.67,1,1
2026-01-27,B2,20,41.5,1,1
2026-01-27,B2,22,32.6,1,1
2026-01-27,B3,0,14.9,1,1
2026-01-27,B3,2,15.13,1,1
2026-01-27,B3,4,16.91,1,1
2026-01-27,B3,6,9.94,1,1
2026-01-27,B3,8,31.81,1,1
2026-01-27,B3,10,82.54,1,1
2026-01-27,B3,12,94.4,1,1
2026-01-27,B3,14,74.1,1,1
2026-01-27,B3,16,25.15,1,1
2026-01-27,B3,18,38.25,1,1
2026-01-27,B3,20,31.66,1,1
2026-01-27,B3,22,28.75,1,1
2026-01-27,C1,0,63.44,1,1
2026-01-27,C1,2,68.06,1,1
2026-01-27,C1,4,36.37,1,1
2026-01-27,C1,6,26.77,1,1
2026-01-27,C1,8,45.38,1,1
2026-01-27,C1,10,47.65,1,1
2026-01-27,C1,12,21.95,1,1
2026-01-27,C1,14,16.59,1,1
2026-01-27,C1,16,19.4,1,1
2026-01-27,C1,18,39.96,1,1
2026-01-27,C1,20,76.29,1,1
2026-01-27,C1,22,77.02,1,1
2026-01-27,C2,0,62.29,1,1
2026-01-27,C2,2,70.86,1,1
2026-01-27,C2,4,42.74,1,1
2026-01-27,C2,6,48.73,1,1
2026-01-27,C2,8,44.23,1,1
2026-01-27,C2,10,44.73,1,1
2026-01-27,C2,12,20.25,1,1
2026-01-27,C2,14,24.23,1,1
2026-01-27,C2,16,21.23,1,1
2026-01-27,C2,18,34.83,1,1
2026-01-27,C2,20,84.74,1,1
2026-01-27,C2,22,77.33,1,1
2026-01-27,C3,0,65.35,1,1
2026-01-27,C3,2,64.97,1,1
2026-01-27,C3,4,41.78,1,1
2026-01-27,C3,6,42.78,1,1
2026-01-27,C3,8,41.18,1,1
2026-01-27,C3,10,41.87,1,1
2026-01-27,C3,12,25.1,1,1
2026-01-27,C3,14,23.21,1,1
2026-01-27,C3,16,20.57,1,1
2026-01-27,C3,18,45.65,1,1
2026-01-27,C3,20,59.16,1,1
2026-01-27,C3,22,74.18,1,1
2026-01-27,C4,0,89.0,1,1
2026-01-27,C4,2,67.71,1,1
2026-01-27,C4,4,34.91,1,1
2026-01-27,C4,6,36.09,1,1
2026-01-27,C4,8,33.46,1,1
2026-01-27,C4,10,35.29,1,1
2026-01-27,C4,12,18.89,1,1
2026-01-27,C4,14,15.78,1,1
2026-01-27,C4,16,20.05,1,1
2026-01-27,C4,18,45.41,1,1
2026-01-27,C4,20,60.47,1,1
2026-01-27,C4,22,85.95,1,1
2026-01-27,C5,0,75.36,1,1
2026-01-27,C5,2,80.82,1,1
2026-01-27,C5,4,36.05,1,1
2026-01-27,C5,6,45.13,1,1
2026-01-27,C5,8,33.45,1,1
2026-01-27,C5,10,45.34,1,1
2026-01-27,C5,12,20.52,1,1
2026-01-27,C5,14,21.66,1,1
2026-01-27,C5,16,16.47,1,1
2026-01-27,C5,18,34.63,1,1
2026-01-27,C5,20,76.27,1,1
2026-01-27,C5,22,60.04,1,1
2026-01-27,C6,0,74.86,1,1
2026-01-27,C6,2,55.65,1,1
2026-01-27,C6,4,45.09,1,1
2026-01-27,C6,6,32.6,1,1
2026-01-27,C6,8,43.31,1,1
2026-01-27,C6,10,43.75,1,1
2026-01-27,C6,12,17.91,1,1
2026-01-27,C6,14,21.75,1,1
2026-01-27,C6,16,20.78,1,1
2026-01-27,C6,18,36.77,1,1
2026-01-27,C6,20,59.41,1,1
2026-01-27,C6,22,49.39,1,1
2026-01-27,Common Area,0,73.67,1,1
2026-01-27,Common Area,2,53.57,1,1
2026-01-27,Common Area,4,40.57,1,1
2026-01-27,Common Area,6,38.42,1,1
2026-01-27,Common Area,8,44.07,1,1
2026-01-27,Common Area,10,38.19,1,1
2026-01-27,Common Area,12,19.01,1,1
2026-01-27,Common Area,14,22.2,1,1
2026-01-27,Common Area,16,21.01,1,1
2026-01-27,Common Area,18,41.9,1,1
2026-01-27,Common Area,20,74.93,1,1
2026-01-27,Common Area,22,53.88,1,1
2026-01-28,A1,0,77.95,2,1
2026-01-28,A1,2,76.43,2,1
2026-01-28,A1,4,33.9,2,1
2026-01-28,A1,6,38.54,2,1
2026-01-28,A1,8,39.76,2,1
2026-01-28,A1,10,39.19,2,1
2026-01-28,A1,12,21.0,2,1
2026-01-28,A1,14,24.29,2,1
2026-01-28,A1,16,23.25,2,1
2026-01-28,A1,18,32.13,2,1
2026-01-28,A1,20,76.53,2,1
2026-01-28,A1,22,83.95,2,1
2026-01-28,A2,0,74.06,2,1
2026-01-28,A2,2,81.46,2,1
2026-01-28,A2,4,52.07,2,1
2026-01-28,A2,6,46.14,2,1
2026-01-28,A2,8,41.5,2,1
2026-01-28,A2,10,46.27,2,1
2026-01-28,A2,12,20.43,2,1
2026-01-28,A2,14,20.07,2,1
2026-01-28,A2,16,18.95,2,1
2026-01-28,A2,18,49.38,2,1
2026-01-28,A2,20,61.41,2,1
2026-01-28,A2,22,86.09,2,1
2026-01-28,A3,0,75.25,2,1
2026-01-28,A3,2,55.31,2,1
2026-01-28,A3,4,42.21,2,1
2026-01-28,A3,6,27.4,2,1
2026-01-28,A3,8,43.75,2,1
2026-01-28,A3,10,45.31,2,1
2026-01-28,A3,12,18.22,2,1
2026-01-28,A3,14,20.37,2,1
2026-01-28,A3,16,25.86,2,1
2026-01-28,A3,18,36.97,2,1
2026-01-28,A3,20,58.88,2,1
2026-01-28,A3,22,85.56,2,1
2026-01-28,A4,0,90.61,2,1
2026-01-28,A4,2,70.04,2,1
2026-01-28,A4,4,46.07,2,1
2026-01-28,A4,6,48.05,2,1
2026-01-28,A4,8,35.55,2,1
2026-01-28,A4,10,37.09,2,1
2026-01-28,A4,12,23.69,2,1
2026-01-28,A4,14,25.06,2,1
2026-01-28,A4,16,21.69,2,1
2026-01-28,A4,18,34.72,2,1
2026-01-28,A4,20,90.86,2,1
2026-01-28,A4,22,64.42,2,1
2026-01-28,A5,0,66.48,2,1
2026-01-28,A5,2,73.59,2,1
2026-01-28,A5,4,49.32,2,1
2026-01-28,A5,6,45.12,2,1
2026-01-28,A5,8,42.49,2,1
2026-01-28,A5,10,42.78,2,1
2026-01-28,A5,12,20.13,2,1
2026-01-28,A5,14,21.67,2,1
2026-01-28,A5,16,12.41,2,1
2026-01-28,A5,18,38.22,2,1
2026-01-28,A5,20,72.53,2,1
2026-01-28,A5,22,57.91,2,1
2026-01-28,A6,0,74.06,2,1
2026-01-28,A6,2,67.85,2,1
2026-01-28,A6,4,50.53,2,1
2026-01-28,A6,6,49.44,2,1
2026-01-28,A6,8,37.21,2,1
2026-01-28,A6,10,39.09,2,1
2026-01-28,A6,12,19.78,2,1
2026-01-28,A6,14,18.65,2,1
2026-01-28,A6,16,20.59,2,1
2026-01-28,A6,18,35.45,2,1
2026-01-28,A6,20,58.13,2,1
2026-01-28,A6,22,76.54,2,1
2026-01-28,B1,0,16.42,2,1
2026-01-28,B1,2,13.19,2,1
2026-01-28,B1,4,17.01,2,1
2026-01-28,B1,6,13.58,2,1
2026-01-28,B1,8,36.33,2,1
2026-01-28,B1,10,89.84,2,1
2026-01-28,B1,12,79.6,2,1
2026-01-28,B1,14,85.46,2,1
2026-01-28,B1,16,32.29,2,1
2026-01-28,B1,18,33.97,2,1
2026-01-28,B1,20,33.92,2,1
2026-01-28,B1,22,31.08,2,1
2026-01-28,B2,0,14.6,2,1
2026-01-28,B2,2,11.52,2,1
2026-01-28,B2,4,13.89,2,1
2026-01-28,B2,6,14.36,2,1
2026-01-28,B2,8,33.66,2,1
2026-01-28,B2,10,77.1,2,1
2026-01-28,B2,12,79.26,2,1
2026-01-28,B2,14,85.75,2,1
2026-01-28,B2,16,39.59,2,1
2026-01-28,B2,18,31.59,2,1
2026-01-28,B2,20,28.68,2,1
2026-01-28,B2,22,29.53,2,1
2026-01-28,B3,0,13.9,2,1
2026-01-28,B3,2,14.21,2,1
2026-01-28,B3,4,13.27,2,1
2026-01-28,B3,6,12.08,2,1
2026-01-28,B3,8,32.61,2,1
2026-01-28,B3,10,82.18,2,1
2026-01-28,B3,12,87.14,2,1
2026-01-28,B3,14,73.31,2,1
2026-01-28,B3,16,32.83,2,1
2026-01-28,B3,18,30.13,2,1
2026-01-28,B3,20,34.83,2,1
2026-01-28,B3,22,30.55,2,1
2026-01-28,C1,0,76.02,2,1
2026-01-28,C1,2,51.25,2,1
2026-01-28,C1,4,37.84,2,1
2026-01-28,C1,6,41.81,2,1
2026-01-28,C1,8,41.1,2,1
2026-01-28,C1,10,56.16,2,1
2026-01-28,C1,12,21.05,2,1
2026-01-28,C1,14,16.99,2,1
2026-01-28,C1,16,19.71,2,1
2026-01-28,C1,18,29.34,2,1
2026-01-28,C1,20,69.15,2,1
2026-01-28,C1,22,61.25,2,1
2026-01-28,C2,0,79.61,2,1
2026-01-28,C2,2,64.23,2,1
2026-01-28,C2,4,39.3,2,1
2026-01-28,C2,6,36.19,2,1
2026-01-28,C2,8,50.43,2,1
2026-01-28,C2,10,38.07,2,1
2026-01-28,C2,12,25.5,2,1
2026-01-28,C2,14,22.44,2,1
2026-01-28,C2,16,21.45,2,1
2026-01-28,C2,18,42.21,2,1
2026-01-28,C2,20,74.13,2,1
2026-01-28,C2,22,49.76,2,1
2026-01-28,C3,0,67.07,2,1
2026-01-28,C3,2,78.87,2,1
2026-01-28,C3,4,39.71,2,1
2026-01-28,C3,6,31.57,2,1
2026-01-28,C3,8,39.69,2,1
2026-01-28,C3,10,50.22,2,1
2026-01-28,C3,12,23.74,2,1
2026-01-28,C3,14,19.81,2,1
2026-01-28,C3,16,22.85,2,1
2026-01-28,C3,18,37.8,2,1
2026-01-28,C3,20,52.11,2,1
2026-01-28,C3,22,60.29,2,1
2026-01-28,C4,0,86.41,2,1
2026-01-28,C4,2,67.12,2,1
2026-01-28,C4,4,38.54,2,1
2026-01-28,C4,6,38.2,2,1
2026-01-28,C4,8,51.42,2,1
2026-01-28,C4,10,49.76,2,1
2026-01-28,C4,12,26.66,2,1
2026-01-28,C4,14,19.52,2,1
2026-01-28,C4,16,20.89,2,1
2026-01-28,C4,18,30.9,2,1
2026-01-28,C4,20,85.51,2,1
2026-01-28,C4,22,57.74,2,1
2026-01-28,C5,0,72.28,2,1
2026-01-28,C5,2,58.48,2,1
2026-01-28,C5,4,36.47,2,1
2026-01-28,C5,6,34.98,2,1
2026-01-28,C5,8,36.35,2,1
2026-01-28,C5,10,36.77,2,1
2026-01-28,C5,12,18.36,2,1
2026-01-28,C5,14,22.5,2,1
2026-01-28,C5,16,16.69,2,1
2026-01-28,C5,18,41.32,2,1
2026-01-28,C5,20,82.79,2,1
2026-01-28,C5,22,64.61,2,1
2026-01-28,C6,0,62.46,2,1
2026-01-28,C6,2,67.58,2,1
2026-01-28,C6,4,47.08,2,1
2026-01-28,C6,6,41.16,2,1
2026-01-28,C6,8,36.81,2,1
2026-01-28,C6,10,42.9,2,1
2026-01-28,C6,12,16.69,2,1
2026-01-28,C6,14,22.04,2,1
2026-01-28,C6,16,21.23,2,1
2026-01-28,C6,18,38.15,2,1
2026-01-28,C6,20,61.19,2,1
2026-01-28,C6,22,60.69,2,1
2026-01-28,Common Area,0,75.62,2,1
2026-01-28,Common Area,2,82.9,2,1
2026-01-28,Common Area,4,36.18,2,1
2026-01-28,Common Area,6,42.75,2,1
2026-01-28,Common Area,8,27.48,2,1
2026-01-28,Common Area,10,36.49,2,1
2026-01-28,Common Area,12,19.91,2,1
2026-01-28,Common Area,14,17.27,2,1
2026-01-28,Common Area,16,17.19,2,1
2026-01-28,Common Area,18,35.99,2,1
2026-01-28,Common Area,20,73.07,2,1
2026-01-28,Common Area,22,68.03,2,1
