date,meal,time,hour,minute,headcount,day_of_week,month
2025-01-14,breakfast,07:30:00,7,30,203,1,1
2025-01-14,breakfast,07:45:00,7,45,238,1,1
2025-01-14,breakfast,08:00:00,8,0,300,1,1
2025-01-14,breakfast,08:15:00,8,15,357,1,1
2025-01-14,breakfast,08:30:00,8,30,312,1,1
2025-01-14,breakfast,08:45:00,8,45,302,1,1
2025-01-14,breakfast,09:00:00,9,0,326,1,1
2025-01-14,breakfast,09:15:00,9,15,260,1,1
2025-01-14,breakfast,09:30:00,9,30,184,1,1
2025-01-14,dinner,19:30:00,19,30,231,1,1
2025-01-14,dinner,19:45:00,19,45,272,1,1
2025-01-14,dinner,20:00:00,20,0,424,1,1
2025-01-14,dinner,20:15:00,20,15,397,1,1
2025-01-14,dinner,20:30:00,20,30,422,1,1
2025-01-14,dinner,20:45:00,20,45,349,1,1
2025-01-14,dinner,21:00:00,21,0,350,1,1
2025-01-14,dinner,21:15:00,21,15,320,1,1
2025-01-14,dinner,21:30:00,21,30,225,1,1
2025-01-14,lunch,12:30:00,12,30,319,1,1
2025-01-14,lunch,12:45:00,12,45,359,1,1
2025-01-14,lunch,13:00:00,13,0,420,1,1
2025-01-14,lunch,13:15:00,13,15,496,1,1
2025-01-14,lunch,13:30:00,13,30,404,1,1
2025-01-14,lunch,13:45:00,13,45,401,1,1
2025-01-14,lunch,14:00:00,14,0,416,1,1
2025-01-14,lunch,14:15:00,14,15,339,1,1
2025-01-14,lunch,14:30:00,14,30,312,1,1
2025-01-15,breakfast,07:30:00,7,30,201,2,1
2025-01-15,breakfast,07:45:00,7,45,227,2,1
2025-01-15,breakfast,08:00:00,8,0,274,2,1
2025-01-15,breakfast,08:15:00,8,15,291,2,1
2025-01-15,breakfast,08:30:00,8,30,379,2,1
2025-01-15,breakfast,08:45:00,8,45,309,2,1
2025-01-15,breakfast,09:00:00,9,0,252,2,1
2025-01-15,breakfast,09:15:00,9,15,261,2,1
2025-01-15,breakfast,09:30:00,9,30,170,2,1
2025-01-15,dinner,19:30:00,19,30,236,2,1
2025-01-15,dinner,19:45:00,19,45,302,2,1
2025-01-15,dinner,20:00:00,20,0,409,2,1
2025-01-15,dinner,20:15:00,20,15,421,2,1
2025-01-15,dinner,20:30:00,20,30,345,2,1
2025-01-15,dinner,20:45:00,20,45,420,2,1
2025-01-15,dinner,21:00:00,21,0,356,2,1
2025-01-15,dinner,21:15:00,21,15,295,2,1
2025-01-15,dinner,21:30:00,21,30,270,2,1
2025-01-15,lunch,12:30:00,12,30,309,2,1
2025-01-15,lunch,12:45:00,12,45,303,2,1
2025-01-15,lunch,13:00:00,13,0,382,2,1
2025-01-15,lunch,13:15:00,13,15,494,2,1
2025-01-15,lunch,13:30:00,13,30,536,2,1
2025-01-15,lunch,13:45:00,13,45,492,2,1
2025-01-15,lunch,14:00:00,14,0,436,2,1
2025-01-15,lunch,14:15:00,14,15,366,2,1
2025-01-15,lunch,14:30:00,14,30,258,2,1
2025-01-16,breakfast,07:30:00,7,30,214,3,1
2025-01-16,breakfast,07:45:00,7,45,264,3,1
2025-01-16,breakfast,08:00:00,8,0,258,3,1
2025-01-16,breakfast,08:15:00,8,15,300,3,1
2025-01-16,breakfast,08:30:00,8,30,330,3,1
2025-01-16,breakfast,08:45:00,8,45,340,3,1
2025-01-16,breakfast,09:00:00,9,0,268,3,1
2025-01-16,breakfast,09:15:00,9,15,237,3,1
2025-01-16,breakfast,09:30:00,9,30,172,3,1
2025-01-16,dinner,19:30:00,19,30,253,3,1
2025-01-16,dinner,19:45:00,19,45,366,3,1
2025-01-16,dinner,20:00:00,20,0,273,3,1
2025-01-16,dinner,20:15:00,20,15,440,3,1
2025-01-16,dinner,20:30:00,20,30,423,3,1
2025-01-16,dinner,20:45:00,20,45,394,3,1
2025-01-16,dinner,21:00:00,21,0,374,3,1
2025-01-16,dinner,21:15:00,21,15,254,3,1
2025-01-16,dinner,21:30:00,21,30,249,3,1
2025-01-16,lunch,12:30:00,12,30,266,3,1
2025-01-16,lunch,12:45:00,12,45,408,3,1
2025-01-16,lunch,13:00:00,13,0,501,3,1
2025-01-16,lunch,13:15:00,13,15,481,3,1
2025-01-16,lunch,13:30:00,13,30,550,3,1
2025-01-16,lunch,13:45:00,13,45,502,3,1
2025-01-16,lunch,14:00:00,14,0,412,3,1
2025-01-16,lunch,14:15:00,14,15,391,3,1
2025-01-16,lunch,14:30:00,14,30,349,3,1
2025-01-17,breakfast,07:30:00,7,30,201,4,1
2025-01-17,breakfast,07:45:00,7,45,277,4,1
2025-01-17,breakfast,08:00:00,8,0,267,4,1
2025-01-17,breakfast,08:15:00,8,15,285,4,1
2025-01-17,breakfast,08:30:00,8,30,303,4,1
2025-01-17,breakfast,08:45:00,8,45,338,4,1
2025-01-17,breakfast,09:00:00,9,0,291,4,1
2025-01-17,breakfast,09:15:00,9,15,228,4,1
2025-01-17,breakfast,09:30:00,9,30,204,4,1
2025-01-17,dinner,19:30:00,19,30,248,4,1
2025-01-17,dinner,19:45:00,19,45,272,4,1
2025-01-17,dinner,20:00:00,20,0,355,4,1
2025-01-17,dinner,20:15:00,20,15,393,4,1
2025-01-17,dinner,20:30:00,20,30,386,4,1
2025-01-17,dinner,20:45:00,20,45,400,4,1
2025-01-17,dinner,21:00:00,21,0,385,4,1
2025-01-17,dinner,21:15:00,21,15,376,4,1
2025-01-17,dinner,21:30:00,21,30,259,4,1
2025-01-17,lunch,12:30:00,12,30,306,4,1
2025-01-17,lunch,12:45:00,12,45,413,4,1
2025-01-17,lunch,13:00:00,13,0,410,4,1
2025-01-17,lunch,13:15:00,13,15,468,4,1
2025-01-17,lunch,13:30:00,13,30,480,4,1
2025-01-17,lunch,13:45:00,13,45,413,4,1
2025-01-17,lunch,14:00:00,14,0,454,4,1
2025-01-17,lunch,14:15:00,14,15,387,4,1
2025-01-17,lunch,14:30:00,14,30,303,4,1
2025-01-18,breakfast,07:30:00,7,30,199,5,1
2025-01-18,breakfast,07:45:00,7,45,239,5,1
2025-01-18,breakfast,08:00:00,8,0,228,5,1
2025-01-18,breakfast,08:15:00,8,15,309,5,1
2025-01-18,breakfast,08:30:00,8,30,321,5,1
2025-01-18,breakfast,08:45:00,8,45,386,5,1
2025-01-18,breakfast,09:00:00,9,0,276,5,1
2025-01-18,breakfast,09:15:00,9,15,248,5,1
2025-01-18,breakfast,09:30:00,9,30,193,5,1
2025-01-18,dinner,19:30:00,19,30,229,5,1
2025-01-18,dinner,19:45:00,19,45,299,5,1
2025-01-18,dinner,20:00:00,20,0,374,5,1
2025-01-18,dinner,20:15:00,20,15,386,5,1
2025-01-18,dinner,20:30:00,20,30,354,5,1
2025-01-18,dinner,20:45:00,20,45,409,5,1
2025-01-18,dinner,21:00:00,21,0,331,5,1
2025-01-18,dinner,21:15:00,21,15,332,5,1
2025-01-18,dinner,21:30:00,21,30,231,5,1
2025-01-18,lunch,12:30:00,12,30,267,5,1
2025-01-18,lunch,12:45:00,12,45,420,5,1
2025-01-18,lunch,13:00:00,13,0,474,5,1
2025-01-18,lunch,13:15:00,13,15,522,5,1
2025-01-18,lunch,13:30:00,13,30,454,5,1
2025-01-18,lunch,13:45:00,13,45,552,5,1
2025-01-18,lunch,14:00:00,14,0,379,5,1
2025-01-18,lunch,14:15:00,14,15,399,5,1
2025-01-18,lunch,14:30:00,14,30,369,5,1
2025-01-19,breakfast,07:30:00,7,30,224,6,1
2025-01-19,breakfast,07:45:00,7,45,222,6,1
2025-01-19,breakfast,08:00:00,8,0,273,6,1
2025-01-19,breakfast,08:15:00,8,15,335,6,1
2025-01-19,breakfast,08:30:00,8,30,280,6,1
2025-01-19,breakfast,08:45:00,8,45,317,6,1
2025-01-19,breakfast,09:00:00,9,0,319,6,1
2025-01-19,breakfast,09:15:00,9,15,202,6,1
2025-01-19,breakfast,09:30:00,9,30,197,6,1
2025-01-19,dinner,19:30:00,19,30,260,6,1
2025-01-19,dinner,19:45:00,19,45,326,6,1
2025-01-19,dinner,20:00:00,20,0,344,6,1
2025-01-19,dinner,20:15:00,20,15,483,6,1
2025-01-19,dinner,20:30:00,20,30,439,6,1
2025-01-19,dinner,20:45:00,20,45,358,6,1
2025-01-19,dinner,21:00:00,21,0,394,6,1
2025-01-19,dinner,21:15:00,21,15,286,6,1
2025-01-19,dinner,21:30:00,21,30,274,6,1
2025-01-19,lunch,12:30:00,12,30,311,6,1
2025-01-19,lunch,12:45:00,12,45,406,6,1
2025-01-19,lunch,13:00:00,13,0,386,6,1
2025-01-19,lunch,13:15:00,13,15,420,6,1
2025-01-19,lunch,13:30:00,13,30,526,6,1
2025-01-19,lunch,13:45:00,13,45,499,6,1
2025-01-19,lunch,14:00:00,14,0,452,6,1
2025-01-19,lunch,14:15:00,14,15,390,6,1
2025-01-19,lunch,14:30:00,14,30,282,6,1
2025-01-20,breakfast,07:30:00,7,30,216,0,1
2025-01-20,breakfast,07:45:00,7,45,221,0,1
2025-01-20,breakfast,08:00:00,8,0,309,0,1
2025-01-20,breakfast,08:15:00,8,15,322,0,1
2025-01-20,breakfast,08:30:00,8,30,346,0,1
2025-01-20,breakfast,08:45:00,8,45,368,0,1
2025-01-20,breakfast,09:00:00,9,0,275,0,1
2025-01-20,breakfast,09:15:00,9,15,223,0,1
2025-01-20,breakfast,09:30:00,9,30,176,0,1
2025-01-20,dinner,19:30:00,19,30,270,0,1
2025-01-20,dinner,19:45:00,19,45,289,0,1
2025-01-20,dinner,20:00:00,20,0,330,0,1
2025-01-20,dinner,20:15:00,20,15,426,0,1
2025-01-20,dinner,20:30:00,20,30,410,0,1
2025-01-20,dinner,20:45:00,20,45,436,0,1
2025-01-20,dinner,21:00:00,21,0,388,0,1
2025-01-20,dinner,21:15:00,21,15,314,0,1
2025-01-20,dinner,21:30:00,21,30,233,0,1
2025-01-20,lunch,12:30:00,12,30,278,0,1
2025-01-20,lunch,12:45:00,12,45,374,0,1
2025-01-20,lunch,13:00:00,13,0,456,0,1
2025-01-20,lunch,13:15:00,13,15,498,0,1
2025-01-20,lunch,13:30:00,13,30,541,0,1
2025-01-20,lunch,13:45:00,13,45,485,0,1
2025-01-20,lunch,14:00:00,14,0,505,0,1
2025-01-20,lunch,14:15:00,14,15,367,0,1
2025-01-20,lunch,14:30:00,14,30,385,0,1
2025-01-21,breakfast,07:30:00,7,30,164,1,1
2025-01-21,breakfast,07:45:00,7,45,230,1,1
2025-01-21,breakfast,08:00:00,8,0,306,1,1
2025-01-21,breakfast,08:15:00,8,15,316,1,1
2025-01-21,breakfast,08:30:00,8,30,280,1,1
2025-01-21,breakfast,08:45:00,8,45,315,1,1
2025-01-21,breakfast,09:00:00,9,0,293,1,1
2025-01-21,breakfast,09:15:00,9,15,220,1,1
2025-01-21,breakfast,09:30:00,9,30,197,1,1
2025-01-21,dinner,19:30:00,19,30,267,1,1
2025-01-21,dinner,19:45:00,19,45,333,1,1
2025-01-21,dinner,20:00:00,20,0,513,1,1
2025-01-21,dinner,20:15:00,20,15,430,1,1
2025-01-21,dinner,20:30:00,20,30,467,1,1
2025-01-21,dinner,20:45:00,20,45,445,1,1
2025-01-21,dinner,21:00:00,21,0,394,1,1
2025-01-21,dinner,21:15:00,21,15,307,1,1
2025-01-21,dinner,21:30:00,21,30,274,1,1
2025-01-21,lunch,12:30:00,12,30,305,1,1
2025-01-21,lunch,12:45:00,12,45,334,1,1
2025-01-21,lunch,13:00:00,13,0,457,1,1
2025-01-21,lunch,13:15:00,13,15,511,1,1
2025-01-21,lunch,13:30:00,13,30,554,1,1
2025-01-21,lunch,13:45:00,13,45,535,1,1
2025-01-21,lunch,14:00:00,14,0,380,1,1
2025-01-21,lunch,14:15:00,14,15,342,1,1
2025-01-21,lunch,14:30:00,14,30,318,1,1
2025-01-22,breakfast,07:30:00,7,30,179,2,1
2025-01-22,breakfast,07:45:00,7,45,235,2,1
2025-01-22,breakfast,08:00:00,8,0,268,2,1
2025-01-22,breakfast,08:15:00,8,15,312,2,1
2025-01-22,breakfast,08:30:00,8,30,394,2,1
2025-01-22,breakfast,08:45:00,8,45,252,2,1
2025-01-22,breakfast,09:00:00,9,0,301,2,1
2025-01-22,breakfast,09:15:00,9,15,202,2,1
2025-01-22,breakfast,09:30:00,9,30,184,2,1
2025-01-22,dinner,19:30:00,19,30,309,2,1
2025-01-22,dinner,19:45:00,19,45,337,2,1
2025-01-22,dinner,20:00:00,20,0,295,2,1
2025-01-22,dinner,20:15:00,20,15,414,2,1
2025-01-22,dinner,20:30:00,20,30,392,2,1
2025-01-22,dinner,20:45:00,20,45,441,2,1
2025-01-22,dinner,21:00:00,21,0,341,2,1
2025-01-22,dinner,21:15:00,21,15,313,2,1
2025-01-22,dinner,21:30:00,21,30,267,2,1
2025-01-22,lunch,12:30:00,12,30,336,2,1
2025-01-22,lunch,12:45:00,12,45,379,2,1
2025-01-22,lunch,13:00:00,13,0,393,2,1
2025-01-22,lunch,13:15:00,13,15,449,2,1
2025-01-22,lunch,13:30:00,13,30,533,2,1
2025-01-22,lunch,13:45:00,13,45,449,2,1
2025-01-22,lunch,14:00:00,14,0,450,2,1
2025-01-22,lunch,14:15:00,14,15,379,2,1
2025-01-22,lunch,14:30:00,14,30,283,2,1
2025-01-23,breakfast,07:30:00,7,30,210,3,1
2025-01-23,breakfast,07:45:00,7,45,212,3,1
2025-01-23,breakfast,08:00:00,8,0,272,3,1
2025-01-23,breakfast,08:15:00,8,15,295,3,1
2025-01-23,breakfast,08:30:00,8,30,299,3,1
2025-01-23,breakfast,08:45:00,8,45,364,3,1
2025-01-23,breakfast,09:00:00,9,0,293,3,1
2025-01-23,breakfast,09:15:00,9,15,211,3,1
2025-01-23,breakfast,09:30:00,9,30,211,3,1
2025-01-23,dinner,19:30:00,19,30,253,3,1
2025-01-23,dinner,19:45:00,19,45,214,3,1
2025-01-23,dinner,20:00:00,20,0,332,3,1
2025-01-23,dinner,20:15:00,20,15,396,3,1
2025-01-23,dinner,20:30:00,20,30,367,3,1
2025-01-23,dinner,20:45:00,20,45,473,3,1
2025-01-23,dinner,21:00:00,21,0,317,3,1
2025-01-23,dinner,21:15:00,21,15,303,3,1
2025-01-23,dinner,21:30:00,21,30,258,3,1
2025-01-23,lunch,12:30:00,12,30,367,3,1
2025-01-23,lunch,12:45:00,12,45,416,3,1
2025-01-23,lunch,13:00:00,13,0,374,3,1
2025-01-23,lunch,13:15:00,13,15,461,3,1
2025-01-23,lunch,13:30:00,13,30,563,3,1
2025-01-23,lunch,13:45:00,13,45,450,3,1
2025-01-23,lunch,14:00:00,14,0,460,3,1
2025-01-23,lunch,14:15:00,14,15,406,3,1
2025-01-23,lunch,14:30:00,14,30,275,3,1
2025-01-24,breakfast,07:30:00,7,30,222,4,1
2025-01-24,breakfast,07:45:00,7,45,206,4,1
2025-01-24,breakfast,08:00:00,8,0,315,4,1
2025-01-24,breakfast,08:15:00,8,15,310,4,1
2025-01-24,breakfast,08:30:00,8,30,288,4,1
2025-01-24,breakfast,08:45:00,8,45,324,4,1
2025-01-24,breakfast,09:00:00,9,0,288,4,1
2025-01-24,breakfast,09:15:00,9,15,227,4,1
2025-01-24,breakfast,09:30:00,9,30,195,4,1
2025-01-24,dinner,19:30:00,19,30,261,4,1
2025-01-24,dinner,19:45:00,19,45,297,4,1
2025-01-24,dinner,20:00:00,20,0,362,4,1
2025-01-24,dinner,20:15:00,20,15,387,4,1
2025-01-24,dinner,20:30:00,20,30,395,4,1
2025-01-24,dinner,20:45:00,20,45,441,4,1
2025-01-24,dinner,21:00:00,21,0,383,4,1
2025-01-24,dinner,21:15:00,21,15,295,4,1
2025-01-24,dinner,21:30:00,21,30,277,4,1
2025-01-24,lunch,12:30:00,12,30,291,4,1
2025-01-24,lunch,12:45:00,12,45,381,4,1
2025-01-24,lunch,13:00:00,13,0,470,4,1
2025-01-24,lunch,13:15:00,13,15,561,4,1
2025-01-24,lunch,13:30:00,13,30,438,4,1
2025-01-24,lunch,13:45:00,13,45,587,4,1
2025-01-24,lunch,14:00:00,14,0,355,4,1
2025-01-24,lunch,14:15:00,14,15,371,4,1
2025-01-24,lunch,14:30:00,14,30,321,4,1
2025-01-25,breakfast,07:30:00,7,30,200,5,1
2025-01-25,breakfast,07:45:00,7,45,261,5,1
2025-01-25,breakfast,08:00:00,8,0,300,5,1
2025-01-25,breakfast,08:15:00,8,15,284,5,1
2025-01-25,breakfast,08:30:00,8,30,302,5,1
2025-01-25,breakfast,08:45:00,8,45,333,5,1
2025-01-25,breakfast,09:00:00,9,0,299,5,1
2025-01-25,breakfast,09:15:00,9,15,241,5,1
2025-01-25,breakfast,09:30:00,9,30,196,5,1
2025-01-25,dinner,19:30:00,19,30,255,5,1
2025-01-25,dinner,19:45:00,19,45,338,5,1
2025-01-25,dinner,20:00:00,20,0,359,5,1
2025-01-25,dinner,20:15:00,20,15,420,5,1
2025-01-25,dinner,20:30:00,20,30,414,5,1
2025-01-25,dinner,20:45:00,20,45,411,5,1
2025-01-25,dinner,21:00:00,21,0,392,5,1
2025-01-25,dinner,21:15:00,21,15,291,5,1
2025-01-25,dinner,21:30:00,21,30,308,5,1
2025-01-25,lunch,12:30:00,12,30,342,5,1
2025-01-25,lunch,12:45:00,12,45,355,5,1
2025-01-25,lunch,13:00:00,13,0,465,5,1
2025-01-25,lunch,13:15:00,13,15,474,5,1
2025-01-25,lunch,13:30:00,13,30,489,5,1
2025-01-25,lunch,13:45:00,13,45,537,5,1
2025-01-25,lunch,14:00:00,14,0,477,5,1
2025-01-25,lunch,14:15:00,14,15,408,5,1
2025-01-25,lunch,14:30:00,14,30,342,5,1
2025-01-26,breakfast,07:30:00,7,30,174,6,1
2025-01-26,breakfast,07:45:00,7,45,212,6,1
2025-01-26,breakfast,08:00:00,8,0,315,6,1
2025-01-26,breakfast,08:15:00,8,15,334,6,1
2025-01-26,breakfast,08:30:00,8,30,339,6,1
2025-01-26,breakfast,08:45:00,8,45,329,6,1
2025-01-26,breakfast,09:00:00,9,0,282,6,1
2025-01-26,breakfast,09:15:00,9,15,219,6,1
2025-01-26,breakfast,09:30:00,9,30,195,6,1
2025-01-26,dinner,19:30:00,19,30,260,6,1
2025-01-26,dinner,19:45:00,19,45,300,6,1
2025-01-26,dinner,20:00:00,20,0,353,6,1
2025-01-26,dinner,20:15:00,20,15,416,6,1
2025-01-26,dinner,20:30:00,20,30,359,6,1
2025-01-26,dinner,20:45:00,20,45,349,6,1
2025-01-26,dinner,21:00:00,21,0,344,6,1
2025-01-26,dinner,21:15:00,21,15,310,6,1
2025-01-26,dinner,21:30:00,21,30,262,6,1
2025-01-26,lunch,12:30:00,12,30,282,6,1
2025-01-26,lunch,12:45:00,12,45,414,6,1
2025-01-26,lunch,13:00:00,13,0,434,6,1
2025-01-26,lunch,13:15:00,13,15,444,6,1
2025-01-26,lunch,13:30:00,13,30,483,6,1
2025-01-26,lunch,13:45:00,13,45,504,6,1
2025-01-26,lunch,14:00:00,14,0,416,6,1
2025-01-26,lunch,14:15:00,14,15,346,6,1
2025-01-26,lunch,14:30:00,14,30,310,6,1
2025-01-27,breakfast,07:30:00,7,30,222,0,1
2025-01-27,breakfast,07:45:00,7,45,262,0,1
2025-01-27,breakfast,08:00:00,8,0,277,0,1
2025-01-27,breakfast,08:15:00,8,15,309,0,1
2025-01-27,breakfast,08:30:00,8,30,287,0,1
2025-01-27,breakfast,08:45:00,8,45,309,0,1
2025-01-27,breakfast,09:00:00,9,0,274,0,1
2025-01-27,breakfast,09:15:00,9,15,249,0,1
2025-01-27,breakfast,09:30:00,9,30,178,0,1
2025-01-27,dinner,19:30:00,19,30,235,0,1
2025-01-27,dinner,19:45:00,19,45,317,0,1
2025-01-27,dinner,20:00:00,20,0,389,0,1
2025-01-27,dinner,20:15:00,20,15,466,0,1
2025-01-27,dinner,20:30:00,20,30,460,0,1
2025-01-27,dinner,20:45:00,20,45,494,0,1
2025-01-27,dinner,21:00:00,21,0,342,0,1
2025-01-27,dinner,21:15:00,21,15,344,0,1
2025-01-27,dinner,21:30:00,21,30,259,0,1
2025-01-27,lunch,12:30:00,12,30,319,0,1
2025-01-27,lunch,12:45:00,12,45,435,0,1
2025-01-27,lunch,13:00:00,13,0,436,0,1
2025-01-27,lunch,13:15:00,13,15,504,0,1
2025-01-27,lunch,13:30:00,13,30,534,0,1
2025-01-27,lunch,13:45:00,13,45,465,0,1
2025-01-27,lunch,14:00:00,14,0,451,0,1
2025-01-27,lunch,14:15:00,14,15,377,0,1
2025-01-27,lunch,14:30:00,14,30,306,0,1
2025-01-28,breakfast,07:30:00,7,30,236,1,1
2025-01-28,breakfast,07:45:00,7,45,222,1,1
2025-01-28,breakfast,08:00:00,8,0,258,1,1
2025-01-28,breakfast,08:15:00,8,15,291,1,1
2025-01-28,breakfast,08:30:00,8,30,252,1,1
2025-01-28,breakfast,08:45:00,8,45,293,1,1
2025-01-28,breakfast,09:00:00,9,0,260,1,1
2025-01-28,breakfast,09:15:00,9,15,245,1,1
2025-01-28,breakfast,09:30:00,9,30,200,1,1
2025-01-28,dinner,19:30:00,19,30,211,1,1
2025-01-28,dinner,19:45:00,19,45,359,1,1
2025-01-28,dinner,20:00:00,20,0,366,1,1
2025-01-28,dinner,20:15:00,20,15,457,1,1
2025-01-28,dinner,20:30:00,20,30,353,1,1
2025-01-28,dinner,20:45:00,20,45,382,1,1
2025-01-28,dinner,21:00:00,21,0,370,1,1
2025-01-28,dinner,21:15:00,21,15,318,1,1
2025-01-28,dinner,21:30:00,21,30,243,1,1
2025-01-28,lunch,12:30:00,12,30,360,1,1
2025-01-28,lunch,12:45:00,12,45,413,1,1
2025-01-28,lunch,13:00:00,13,0,415,1,1
2025-01-28,lunch,13:15:00,13,15,441,1,1
2025-01-28,lunch,13:30:00,13,30,524,1,1
2025-01-28,lunch,13:45:00,13,45,420,1,1
2025-01-28,lunch,14:00:00,14,0,522,1,1
2025-01-28,lunch,14:15:00,14,15,421,1,1
2025-01-28,lunch,14:30:00,14,30,289,1,1
2025-01-29,breakfast,07:30:00,7,30,206,2,1
2025-01-29,breakfast,07:45:00,7,45,215,2,1
2025-01-29,breakfast,08:00:00,8,0,278,2,1
2025-01-29,breakfast,08:15:00,8,15,313,2,1
2025-01-29,breakfast,08:30:00,8,30,336,2,1
2025-01-29,breakfast,08:45:00,8,45,332,2,1
2025-01-29,breakfast,09:00:00,9,0,250,2,1
2025-01-29,breakfast,09:15:00,9,15,204,2,1
2025-01-29,breakfast,09:30:00,9,30,218,2,1
2025-01-29,dinner,19:30:00,19,30,279,2,1
2025-01-29,dinner,19:45:00,19,45,337,2,1
2025-01-29,dinner,20:00:00,20,0,421,2,1
2025-01-29,dinner,20:15:00,20,15,367,2,1
2025-01-29,dinner,20:30:00,20,30,448,2,1
2025-01-29,dinner,20:45:00,20,45,450,2,1
2025-01-29,dinner,21:00:00,21,0,305,2,1
2025-01-29,dinner,21:15:00,21,15,279,2,1
2025-01-29,dinner,21:30:00,21,30,202,2,1
2025-01-29,lunch,12:30:00,12,30,313,2,1
2025-01-29,lunch,12:45:00,12,45,349,2,1
2025-01-29,lunch,13:00:00,13,0,509,2,1
2025-01-29,lunch,13:15:00,13,15,490,2,1
2025-01-29,lunch,13:30:00,13,30,558,2,1
2025-01-29,lunch,13:45:00,13,45,487,2,1
2025-01-29,lunch,14:00:00,14,0,532,2,1
2025-01-29,lunch,14:15:00,14,15,443,2,1
2025-01-29,lunch,14:30:00,14,30,295,2,1
2025-01-30,breakfast,07:30:00,7,30,188,3,1
2025-01-30,breakfast,07:45:00,7,45,258,3,1
2025-01-30,breakfast,08:00:00,8,0,324,3,1
2025-01-30,breakfast,08:15:00,8,15,312,3,1
2025-01-30,breakfast,08:30:00,8,30,372,3,1
2025-01-30,breakfast,08:45:00,8,45,267,3,1
2025-01-30,breakfast,09:00:00,9,0,234,3,1
2025-01-30,breakfast,09:15:00,9,15,240,3,1
2025-01-30,breakfast,09:30:00,9,30,201,3,1
2025-01-30,dinner,19:30:00,19,30,253,3,1
2025-01-30,dinner,19:45:00,19,45,347,3,1
2025-01-30,dinner,20:00:00,20,0,334,3,1
2025-01-30,dinner,20:15:00,20,15,427,3,1
2025-01-30,dinner,20:30:00,20,30,397,3,1
2025-01-30,dinner,20:45:00,20,45,374,3,1
2025-01-30,dinner,21:00:00,21,0,366,3,1
2025-01-30,dinner,21:15:00,21,15,284,3,1
2025-01-30,dinner,21:30:00,21,30,240,3,1
2025-01-30,lunch,12:30:00,12,30,302,3,1
2025-01-30,lunch,12:45:00,12,45,299,3,1
2025-01-30,lunch,13:00:00,13,0,437,3,1
2025-01-30,lunch,13:15:00,13,15,421,3,1
2025-01-30,lunch,13:30:00,13,30,533,3,1
2025-01-30,lunch,13:45:00,13,45,502,3,1
2025-01-30,lunch,14:00:00,14,0,399,3,1
2025-01-30,lunch,14:15:00,14,15,358,3,1
2025-01-30,lunch,14:30:00,14,30,271,3,1
2025-01-31,breakfast,07:30:00,7,30,170,4,1
2025-01-31,breakfast,07:45:00,7,45,289,4,1
2025-01-31,breakfast,08:00:00,8,0,283,4,1
2025-01-31,breakfast,08:15:00,8,15,288,4,1
2025-01-31,breakfast,08:30:00,8,30,326,4,1
2025-01-31,breakfast,08:45:00,8,45,306,4,1
2025-01-31,breakfast,09:00:00,9,0,276,4,1
2025-01-31,breakfast,09:15:00,9,15,256,4,1
2025-01-31,breakfast,09:30:00,9,30,208,4,1
2025-01-31,dinner,19:30:00,19,30,262,4,1
2025-01-31,dinner,19:45:00,19,45,414,4,1
2025-01-31,dinner,20:00:00,20,0,412,4,1
2025-01-31,dinner,20:15:00,20,15,401,4,1
2025-01-31,dinner,20:30:00,20,30,379,4,1
2025-01-31,dinner,20:45:00,20,45,341,4,1
2025-01-31,dinner,21:00:00,21,0,378,4,1
2025-01-31,dinner,21:15:00,21,15,293,4,1
2025-01-31,dinner,21:30:00,21,30,218,4,1
2025-01-31,lunch,12:30:00,12,30,287,4,1
2025-01-31,lunch,12:45:00,12,45,355,4,1
2025-01-31,lunch,13:00:00,13,0,429,4,1
2025-01-31,lunch,13:15:00,13,15,373,4,1
2025-01-31,lunch,13:30:00,13,30,424,4,1
2025-01-31,lunch,13:45:00,13,45,550,4,1
2025-01-31,lunch,14:00:00,14,0,513,4,1
2025-01-31,lunch,14:15:00,14,15,368,4,1
2025-01-31,lunch,14:30:00,14,30,320,4,1
2025-02-01,breakfast,07:30:00,7,30,181,5,2
2025-02-01,breakfast,07:45:00,7,45,215,5,2
2025-02-01,breakfast,08:00:00,8,0,330,5,2
2025-02-01,breakfast,08:15:00,8,15,337,5,2
2025-02-01,breakfast,08:30:00,8,30,319,5,2
2025-02-01,breakfast,08:45:00,8,45,356,5,2
2025-02-01,breakfast,09:00:00,9,0,284,5,2
2025-02-01,breakfast,09:15:00,9,15,220,5,2
2025-02-01,breakfast,09:30:00,9,30,223,5,2
2025-02-01,dinner,19:30:00,19,30,238,5,2
2025-02-01,dinner,19:45:00,19,45,301,5,2
2025-02-01,dinner,20:00:00,20,0,348,5,2
2025-02-01,dinner,20:15:00,20,15,371,5,2
2025-02-01,dinner,20:30:00,20,30,422,5,2
2025-02-01,dinner,20:45:00,20,45,373,5,2
2025-02-01,dinner,21:00:00,21,0,380,5,2
2025-02-01,dinner,21:15:00,21,15,315,5,2
2025-02-01,dinner,21:30:00,21,30,248,5,2
2025-02-01,lunch,12:30:00,12,30,319,5,2
2025-02-01,lunch,12:45:00,12,45,338,5,2
2025-02-01,lunch,13:00:00,13,0,432,5,2
2025-02-01,lunch,13:15:00,13,15,442,5,2
2025-02-01,lunch,13:30:00,13,30,430,5,2
2025-02-01,lunch,13:45:00,13,45,529,5,2
2025-02-01,lunch,14:00:00,14,0,525,5,2
2025-02-01,lunch,14:15:00,14,15,324,5,2
2025-02-01,lunch,14:30:00,14,30,320,5,2
2025-02-02,breakfast,07:30:00,7,30,176,6,2
2025-02-02,breakfast,07:45:00,7,45,227,6,2
2025-02-02,breakfast,08:00:00,8,0,303,6,2
2025-02-02,breakfast,08:15:00,8,15,325,6,2
2025-02-02,breakfast,08:30:00,8,30,288,6,2
2025-02-02,breakfast,08:45:00,8,45,313,6,2
2025-02-02,breakfast,09:00:00,9,0,303,6,2
2025-02-02,breakfast,09:15:00,9,15,201,6,2
2025-02-02,breakfast,09:30:00,9,30,204,6,2
2025-02-02,dinner,19:30:00,19,30,212,6,2
2025-02-02,dinner,19:45:00,19,45,314,6,2
2025-02-02,dinner,20:00:00,20,0,325,6,2
2025-02-02,dinner,20:15:00,20,15,380,6,2
2025-02-02,dinner,20:30:00,20,30,421,6,2
2025-02-02,dinner,20:45:00,20,45,372,6,2
2025-02-02,dinner,21:00:00,21,0,356,6,2
2025-02-02,dinner,21:15:00,21,15,348,6,2
2025-02-02,dinner,21:30:00,21,30,240,6,2
2025-02-02,lunch,12:30:00,12,30,283,6,2
2025-02-02,lunch,12:45:00,12,45,398,6,2
2025-02-02,lunch,13:00:00,13,0,407,6,2
2025-02-02,lunch,13:15:00,13,15,397,6,2
2025-02-02,lunch,13:30:00,13,30,418,6,2
2025-02-02,lunch,13:45:00,13,45,486,6,2
2025-02-02,lunch,14:00:00,14,0,452,6,2
2025-02-02,lunch,14:15:00,14,15,343,6,2
2025-02-02,lunch,14:30:00,14,30,322,6,2
2025-02-03,breakfast,07:30:00,7,30,210,0,2
2025-02-03,breakfast,07:45:00,7,45,214,0,2
2025-02-03,breakfast,08:00:00,8,0,297,0,2
2025-02-03,breakfast,08:15:00,8,15,354,0,2
2025-02-03,breakfast,08:30:00,8,30,240,0,2
2025-02-03,breakfast,08:45:00,8,45,285,0,2
2025-02-03,breakfast,09:00:00,9,0,298,0,2
2025-02-03,breakfast,09:15:00,9,15,236,0,2
2025-02-03,breakfast,09:30:00,9,30,201,0,2
2025-02-03,dinner,19:30:00,19,30,264,0,2
2025-02-03,dinner,19:45:00,19,45,303,0,2
2025-02-03,dinner,20:00:00,20,0,381,0,2
2025-02-03,dinner,20:15:00,20,15,491,0,2
2025-02-03,dinner,20:30:00,20,30,456,0,2
2025-02-03,dinner,20:45:00,20,45,393,0,2
2025-02-03,dinner,21:00:00,21,0,415,0,2
2025-02-03,dinner,21:15:00,21,15,304,0,2
2025-02-03,dinner,21:30:00,21,30,202,0,2
2025-02-03,lunch,12:30:00,12,30,284,0,2
2025-02-03,lunch,12:45:00,12,45,380,0,2
2025-02-03,lunch,13:00:00,13,0,434,0,2
2025-02-03,lunch,13:15:00,13,15,541,0,2
2025-02-03,lunch,13:30:00,13,30,512,0,2
2025-02-03,lunch,13:45:00,13,45,500,0,2
2025-02-03,lunch,14:00:00,14,0,423,0,2
2025-02-03,lunch,14:15:00,14,15,359,0,2
2025-02-03,lunch,14:30:00,14,30,290,0,2
2025-02-04,breakfast,07:30:00,7,30,174,1,2
2025-02-04,breakfast,07:45:00,7,45,196,1,2
2025-02-04,breakfast,08:00:00,8,0,272,1,2
2025-02-04,breakfast,08:15:00,8,15,310,1,2
2025-02-04,breakfast,08:30:00,8,30,373,1,2
2025-02-04,breakfast,08:45:00,8,45,320,1,2
2025-02-04,breakfast,09:00:00,9,0,276,1,2
2025-02-04,breakfast,09:15:00,9,15,261,1,2
2025-02-04,breakfast,09:30:00,9,30,151,1,2
2025-02-04,dinner,19:30:00,19,30,261,1,2
2025-02-04,dinner,19:45:00,19,45,302,1,2
2025-02-04,dinner,20:00:00,20,0,339,1,2
2025-02-04,dinner,20:15:00,20,15,440,1,2
2025-02-04,dinner,20:30:00,20,30,384,1,2
2025-02-04,dinner,20:45:00,20,45,409,1,2
2025-02-04,dinner,21:00:00,21,0,352,1,2
2025-02-04,dinner,21:15:00,21,15,332,1,2
2025-02-04,dinner,21:30:00,21,30,263,1,2
2025-02-04,lunch,12:30:00,12,30,310,1,2
2025-02-04,lunch,12:45:00,12,45,406,1,2
2025-02-04,lunch,13:00:00,13,0,376,1,2
2025-02-04,lunch,13:15:00,13,15,540,1,2
2025-02-04,lunch,13:30:00,13,30,516,1,2
2025-02-04,lunch,13:45:00,13,45,464,1,2
2025-02-04,lunch,14:00:00,14,0,469,1,2
2025-02-04,lunch,14:15:00,14,15,463,1,2
2025-02-04,lunch,14:30:00,14,30,308,1,2
2025-02-05,breakfast,07:30:00,7,30,214,2,2
2025-02-05,breakfast,07:45:00,7,45,229,2,2
2025-02-05,breakfast,08:00:00,8,0,274,2,2
2025-02-05,breakfast,08:15:00,8,15,279,2,2
2025-02-05,breakfast,08:30:00,8,30,305,2,2
2025-02-05,breakfast,08:45:00,8,45,321,2,2
2025-02-05,breakfast,09:00:00,9,0,303,2,2
2025-02-05,breakfast,09:15:00,9,15,219,2,2
2025-02-05,breakfast,09:30:00,9,30,210,2,2
2025-02-05,dinner,19:30:00,19,30,261,2,2
2025-02-05,dinner,19:45:00,19,45,281,2,2
2025-02-05,dinner,20:00:00,20,0,461,2,2
2025-02-05,dinner,20:15:00,20,15,412,2,2
2025-02-05,dinner,20:30:00,20,30,424,2,2
2025-02-05,dinner,20:45:00,20,45,436,2,2
2025-02-05,dinner,21:00:00,21,0,388,2,2
2025-02-05,dinner,21:15:00,21,15,324,2,2
2025-02-05,dinner,21:30:00,21,30,234,2,2
2025-02-05,lunch,12:30:00,12,30,344,2,2
2025-02-05,lunch,12:45:00,12,45,393,2,2
2025-02-05,lunch,13:00:00,13,0,524,2,2
2025-02-05,lunch,13:15:00,13,15,447,2,2
2025-02-05,lunch,13:30:00,13,30,437,2,2
2025-02-05,lunch,13:45:00,13,45,398,2,2
2025-02-05,lunch,14:00:00,14,0,507,2,2
2025-02-05,lunch,14:15:00,14,15,402,2,2
2025-02-05,lunch,14:30:00,14,30,301,2,2
2025-02-06,breakfast,07:30:00,7,30,203,3,2
2025-02-06,breakfast,07:45:00,7,45,287,3,2
2025-02-06,breakfast,08:00:00,8,0,320,3,2
2025-02-06,breakfast,08:15:00,8,15,359,3,2
2025-02-06,breakfast,08:30:00,8,30,303,3,2
2025-02-06,breakfast,08:45:00,8,45,279,3,2
2025-02-06,breakfast,09:00:00,9,0,278,3,2
2025-02-06,breakfast,09:15:00,9,15,242,3,2
2025-02-06,breakfast,09:30:00,9,30,215,3,2
2025-02-06,dinner,19:30:00,19,30,221,3,2
2025-02-06,dinner,19:45:00,19,45,306,3,2
2025-02-06,dinner,20:00:00,20,0,432,3,2
2025-02-06,dinner,20:15:00,20,15,396,3,2
2025-02-06,dinner,20:30:00,20,30,356,3,2
2025-02-06,dinner,20:45:00,20,45,397,3,2
2025-02-06,dinner,21:00:00,21,0,360,3,2
2025-02-06,dinner,21:15:00,21,15,231,3,2
2025-02-06,dinner,21:30:00,21,30,253,3,2
2025-02-06,lunch,12:30:00,12,30,251,3,2
2025-02-06,lunch,12:45:00,12,45,435,3,2
2025-02-06,lunch,13:00:00,13,0,434,3,2
2025-02-06,lunch,13:15:00,13,15,463,3,2
2025-02-06,lunch,13:30:00,13,30,449,3,2
2025-02-06,lunch,13:45:00,13,45,404,3,2
2025-02-06,lunch,14:00:00,14,0,477,3,2
2025-02-06,lunch,14:15:00,14,15,380,3,2
2025-02-06,lunch,14:30:00,14,30,264,3,2
2025-02-07,breakfast,07:30:00,7,30,189,4,2
2025-02-07,breakfast,07:45:00,7,45,258,4,2
2025-02-07,breakfast,08:00:00,8,0,334,4,2
2025-02-07,breakfast,08:15:00,8,15,345,4,2
2025-02-07,breakfast,08:30:00,8,30,311,4,2
2025-02-07,breakfast,08:45:00,8,45,275,4,2
2025-02-07,breakfast,09:00:00,9,0,355,4,2
2025-02-07,breakfast,09:15:00,9,15,242,4,2
2025-02-07,breakfast,09:30:00,9,30,194,4,2
2025-02-07,dinner,19:30:00,19,30,248,4,2
2025-02-07,dinner,19:45:00,19,45,364,4,2
2025-02-07,dinner,20:00:00,20,0,272,4,2
2025-02-07,dinner,20:15:00,20,15,451,4,2
2025-02-07,dinner,20:30:00,20,30,472,4,2
2025-02-07,dinner,20:45:00,20,45,322,4,2
2025-02-07,dinner,21:00:00,21,0,357,4,2
2025-02-07,dinner,21:15:00,21,15,305,4,2
2025-02-07,dinner,21:30:00,21,30,218,4,2
2025-02-07,lunch,12:30:00,12,30,302,4,2
2025-02-07,lunch,12:45:00,12,45,384,4,2
2025-02-07,lunch,13:00:00,13,0,434,4,2
2025-02-07,lunch,13:15:00,13,15,456,4,2
2025-02-07,lunch,13:30:00,13,30,472,4,2
2025-02-07,lunch,13:45:00,13,45,483,4,2
2025-02-07,lunch,14:00:00,14,0,417,4,2
2025-02-07,lunch,14:15:00,14,15,350,4,2
2025-02-07,lunch,14:30:00,14,30,306,4,2
2025-02-08,breakfast,07:30:00,7,30,178,5,2
2025-02-08,breakfast,07:45:00,7,45,214,5,2
2025-02-08,breakfast,08:00:00,8,0,331,5,2
2025-02-08,breakfast,08:15:00,8,15,339,5,2
2025-02-08,breakfast,08:30:00,8,30,360,5,2
2025-02-08,breakfast,08:45:00,8,45,332,5,2
2025-02-08,breakfast,09:00:00,9,0,250,5,2
2025-02-08,breakfast,09:15:00,9,15,228,5,2
2025-02-08,breakfast,09:30:00,9,30,203,5,2
2025-02-08,dinner,19:30:00,19,30,270,5,2
2025-02-08,dinner,19:45:00,19,45,335,5,2
2025-02-08,dinner,20:00:00,20,0,359,5,2
2025-02-08,dinner,20:15:00,20,15,420,5,2
2025-02-08,dinner,20:30:00,20,30,367,5,2
2025-02-08,dinner,20:45:00,20,45,444,5,2
2025-02-08,dinner,21:00:00,21,0,363,5,2
2025-02-08,dinner,21:15:00,21,15,300,5,2
2025-02-08,dinner,21:30:00,21,30,281,5,2
2025-02-08,lunch,12:30:00,12,30,266,5,2
2025-02-08,lunch,12:45:00,12,45,404,5,2
2025-02-08,lunch,13:00:00,13,0,430,5,2
2025-02-08,lunch,13:15:00,13,15,466,5,2
2025-02-08,lunch,13:30:00,13,30,535,5,2
2025-02-08,lunch,13:45:00,13,45,506,5,2
2025-02-08,lunch,14:00:00,14,0,425,5,2
2025-02-08,lunch,14:15:00,14,15,421,5,2
2025-02-08,lunch,14:30:00,14,30,270,5,2
2025-02-09,breakfast,07:30:00,7,30,180,6,2
2025-02-09,breakfast,07:45:00,7,45,207,6,2
2025-02-09,breakfast,08:00:00,8,0,238,6,2
2025-02-09,breakfast,08:15:00,8,15,328,6,2
2025-02-09,breakfast,08:30:00,8,30,279,6,2
2025-02-09,breakfast,08:45:00,8,45,364,6,2
2025-02-09,breakfast,09:00:00,9,0,223,6,2
2025-02-09,breakfast,09:15:00,9,15,282,6,2
2025-02-09,breakfast,09:30:00,9,30,198,6,2
2025-02-09,dinner,19:30:00,19,30,262,6,2
2025-02-09,dinner,19:45:00,19,45,262,6,2
2025-02-09,dinner,20:00:00,20,0,320,6,2
2025-02-09,dinner,20:15:00,20,15,437,6,2
2025-02-09,dinner,20:30:00,20,30,427,6,2
2025-02-09,dinner,20:45:00,20,45,399,6,2
2025-02-09,dinner,21:00:00,21,0,371,6,2
2025-02-09,dinner,21:15:00,21,15,328,6,2
2025-02-09,dinner,21:30:00,21,30,240,6,2
2025-02-09,lunch,12:30:00,12,30,300,6,2
2025-02-09,lunch,12:45:00,12,45,356,6,2
2025-02-09,lunch,13:00:00,13,0,458,6,2
2025-02-09,lunch,13:15:00,13,15,482,6,2
2025-02-09,lunch,13:30:00,13,30,555,6,2
2025-02-09,lunch,13:45:00,13,45,490,6,2
2025-02-09,lunch,14:00:00,14,0,447,6,2
2025-02-09,lunch,14:15:00,14,15,363,6,2
2025-02-09,lunch,14:30:00,14,30,301,6,2
2025-02-10,breakfast,07:30:00,7,30,178,0,2
2025-02-10,breakfast,07:45:00,7,45,246,0,2
2025-02-10,breakfast,08:00:00,8,0,254,0,2
2025-02-10,breakfast,08:15:00,8,15,322,0,2
2025-02-10,breakfast,08:30:00,8,30,265,0,2
2025-02-10,breakfast,08:45:00,8,45,342,0,2
2025-02-10,breakfast,09:00:00,9,0,295,0,2
2025-02-10,breakfast,09:15:00,9,15,247,0,2
2025-02-10,breakfast,09:30:00,9,30,213,0,2
2025-02-10,dinner,19:30:00,19,30,235,0,2
2025-02-10,dinner,19:45:00,19,45,297,0,2
2025-02-10,dinner,20:00:00,20,0,318,0,2
2025-02-10,dinner,20:15:00,20,15,369,0,2
2025-02-10,dinner,20:30:00,20,30,363,0,2
2025-02-10,dinner,20:45:00,20,45,367,0,2
2025-02-10,dinner,21:00:00,21,0,409,0,2
2025-02-10,dinner,21:15:00,21,15,286,0,2
2025-02-10,dinner,21:30:00,21,30,321,0,2
2025-02-10,lunch,12:30:00,12,30,353,0,2
2025-02-10,lunch,12:45:00,12,45,415,0,2
2025-02-10,lunch,13:00:00,13,0,360,0,2
2025-02-10,lunch,13:15:00,13,15,422,0,2
2025-02-10,lunch,13:30:00,13,30,468,0,2
2025-02-10,lunch,13:45:00,13,45,485,0,2
2025-02-10,lunch,14:00:00,14,0,464,0,2
2025-02-10,lunch,14:15:00,14,15,350,0,2
2025-02-10,lunch,14:30:00,14,30,308,0,2
2025-02-11,breakfast,07:30:00,7,30,203,1,2
2025-02-11,breakfast,07:45:00,7,45,246,1,2
2025-02-11,breakfast,08:00:00,8,0,258,1,2
2025-02-11,breakfast,08:15:00,8,15,331,1,2
2025-02-11,breakfast,08:30:00,8,30,301,1,2
2025-02-11,breakfast,08:45:00,8,45,313,1,2
2025-02-11,breakfast,09:00:00,9,0,354,1,2
2025-02-11,breakfast,09:15:00,9,15,239,1,2
2025-02-11,breakfast,09:30:00,9,30,216,1,2
2025-02-11,dinner,19:30:00,19,30,270,1,2
2025-02-11,dinner,19:45:00,19,45,267,1,2
2025-02-11,dinner,20:00:00,20,0,343,1,2
2025-02-11,dinner,20:15:00,20,15,397,1,2
2025-02-11,dinner,20:30:00,20,30,416,1,2
2025-02-11,dinner,20:45:00,20,45,432,1,2
2025-02-11,dinner,21:00:00,21,0,377,1,2
2025-02-11,dinner,21:15:00,21,15,274,1,2
2025-02-11,dinner,21:30:00,21,30,264,1,2
2025-02-11,lunch,12:30:00,12,30,281,1,2
2025-02-11,lunch,12:45:00,12,45,376,1,2
2025-02-11,lunch,13:00:00,13,0,519,1,2
2025-02-11,lunch,13:15:00,13,15,454,1,2
2025-02-11,lunch,13:30:00,13,30,590,1,2
2025-02-11,lunch,13:45:00,13,45,518,1,2
2025-02-11,lunch,14:00:00,14,0,416,1,2
2025-02-11,lunch,14:15:00,14,15,401,1,2
2025-02-11,lunch,14:30:00,14,30,332,1,2
2025-02-12,breakfast,07:30:00,7,30,205,2,2
2025-02-12,breakfast,07:45:00,7,45,255,2,2
2025-02-12,breakfast,08:00:00,8,0,312,2,2
2025-02-12,breakfast,08:15:00,8,15,336,2,2
2025-02-12,breakfast,08:30:00,8,30,334,2,2
2025-02-12,breakfast,08:45:00,8,45,307,2,2
2025-02-12,breakfast,09:00:00,9,0,235,2,2
2025-02-12,breakfast,09:15:00,9,15,251,2,2
2025-02-12,breakfast,09:30:00,9,30,198,2,2
2025-02-12,dinner,19:30:00,19,30,241,2,2
2025-02-12,dinner,19:45:00,19,45,320,2,2
2025-02-12,dinner,20:00:00,20,0,353,2,2
2025-02-12,dinner,20:15:00,20,15,389,2,2
2025-02-12,dinner,20:30:00,20,30,407,2,2
2025-02-12,dinner,20:45:00,20,45,416,2,2
2025-02-12,dinner,21:00:00,21,0,352,2,2
2025-02-12,dinner,21:15:00,21,15,356,2,2
2025-02-12,dinner,21:30:00,21,30,231,2,2
2025-02-12,lunch,12:30:00,12,30,311,2,2
2025-02-12,lunch,12:45:00,12,45,329,2,2
2025-02-12,lunch,13:00:00,13,0,393,2,2
2025-02-12,lunch,13:15:00,13,15,535,2,2
2025-02-12,lunch,13:30:00,13,30,498,2,2
2025-02-12,lunch,13:45:00,13,45,517,2,2
2025-02-12,lunch,14:00:00,14,0,442,2,2
2025-02-12,lunch,14:15:00,14,15,378,2,2
2025-02-12,lunch,14:30:00,14,30,331,2,2
2025-02-13,breakfast,07:30:00,7,30,190,3,2
2025-02-13,breakfast,07:45:00,7,45,230,3,2
2025-02-13,breakfast,08:00:00,8,0,323,3,2
2025-02-13,breakfast,08:15:00,8,15,316,3,2
2025-02-13,breakfast,08:30:00,8,30,353,3,2
2025-02-13,breakfast,08:45:00,8,45,264,3,2
2025-02-13,breakfast,09:00:00,9,0,289,3,2
2025-02-13,breakfast,09:15:00,9,15,263,3,2
2025-02-13,breakfast,09:30:00,9,30,195,3,2
2025-02-13,dinner,19:30:00,19,30,244,3,2
2025-02-13,dinner,19:45:00,19,45,308,3,2
2025-02-13,dinner,20:00:00,20,0,320,3,2
2025-02-13,dinner,20:15:00,20,15,369,3,2
2025-02-13,dinner,20:30:00,20,30,377,3,2
2025-02-13,dinner,20:45:00,20,45,375,3,2
2025-02-13,dinner,21:00:00,21,0,369,3,2
2025-02-13,dinner,21:15:00,21,15,324,3,2
2025-02-13,dinner,21:30:00,21,30,294,3,2
2025-02-13,lunch,12:30:00,12,30,335,3,2
2025-02-13,lunch,12:45:00,12,45,357,3,2
2025-02-13,lunch,13:00:00,13,0,503,3,2
2025-02-13,lunch,13:15:00,13,15,596,3,2
2025-02-13,lunch,13:30:00,13,30,481,3,2
2025-02-13,lunch,13:45:00,13,45,463,3,2
2025-02-13,lunch,14:00:00,14,0,505,3,2
2025-02-13,lunch,14:15:00,14,15,437,3,2
2025-02-13,lunch,14:30:00,14,30,287,3,2
2025-02-14,breakfast,07:30:00,7,30,174,4,2
2025-02-14,breakfast,07:45:00,7,45,265,4,2
2025-02-14,breakfast,08:00:00,8,0,276,4,2
2025-02-14,breakfast,08:15:00,8,15,308,4,2
2025-02-14,breakfast,08:30:00,8,30,341,4,2
2025-02-14,breakfast,08:45:00,8,45,275,4,2
2025-02-14,breakfast,09:00:00,9,0,293,4,2
2025-02-14,breakfast,09:15:00,9,15,245,4,2
2025-02-14,breakfast,09:30:00,9,30,203,4,2
2025-02-14,dinner,19:30:00,19,30,240,4,2
2025-02-14,dinner,19:45:00,19,45,290,4,2
2025-02-14,dinner,20:00:00,20,0,388,4,2
2025-02-14,dinner,20:15:00,20,15,384,4,2
2025-02-14,dinner,20:30:00,20,30,446,4,2
2025-02-14,dinner,20:45:00,20,45,415,4,2
2025-02-14,dinner,21:00:00,21,0,314,4,2
2025-02-14,dinner,21:15:00,21,15,366,4,2
2025-02-14,dinner,21:30:00,21,30,300,4,2
2025-02-14,lunch,12:30:00,12,30,312,4,2
2025-02-14,lunch,12:45:00,12,45,470,4,2
2025-02-14,lunch,13:00:00,13,0,413,4,2
2025-02-14,lunch,13:15:00,13,15,458,4,2
2025-02-14,lunch,13:30:00,13,30,468,4,2
2025-02-14,lunch,13:45:00,13,45,457,4,2
2025-02-14,lunch,14:00:00,14,0,413,4,2
2025-02-14,lunch,14:15:00,14,15,422,4,2
2025-02-14,lunch,14:30:00,14,30,346,4,2
2025-02-15,breakfast,07:30:00,7,30,182,5,2
2025-02-15,breakfast,07:45:00,7,45,232,5,2
2025-02-15,breakfast,08:00:00,8,0,290,5,2
2025-02-15,breakfast,08:15:00,8,15,320,5,2
2025-02-15,breakfast,08:30:00,8,30,341,5,2
2025-02-15,breakfast,08:45:00,8,45,372,5,2
2025-02-15,breakfast,09:00:00,9,0,277,5,2
2025-02-15,breakfast,09:15:00,9,15,222,5,2
2025-02-15,breakfast,09:30:00,9,30,167,5,2
2025-02-15,dinner,19:30:00,19,30,242,5,2
2025-02-15,dinner,19:45:00,19,45,350,5,2
2025-02-15,dinner,20:00:00,20,0,395,5,2
2025-02-15,dinner,20:15:00,20,15,482,5,2
2025-02-15,dinner,20:30:00,20,30,444,5,2
2025-02-15,dinner,20:45:00,20,45,392,5,2
2025-02-15,dinner,21:00:00,21,0,392,5,2
2025-02-15,dinner,21:15:00,21,15,352,5,2
2025-02-15,dinner,21:30:00,21,30,275,5,2
2025-02-15,lunch,12:30:00,12,30,281,5,2
2025-02-15,lunch,12:45:00,12,45,376,5,2
2025-02-15,lunch,13:00:00,13,0,520,5,2
2025-02-15,lunch,13:15:00,13,15,459,5,2
2025-02-15,lunch,13:30:00,13,30,511,5,2
2025-02-15,lunch,13:45:00,13,45,483,5,2
2025-02-15,lunch,14:00:00,14,0,493,5,2
2025-02-15,lunch,14:15:00,14,15,472,5,2
2025-02-15,lunch,14:30:00,14,30,287,5,2
2025-02-16,breakfast,07:30:00,7,30,203,6,2
2025-02-16,breakfast,07:45:00,7,45,267,6,2
2025-02-16,breakfast,08:00:00,8,0,315,6,2
2025-02-16,breakfast,08:15:00,8,15,353,6,2
2025-02-16,breakfast,08:30:00,8,30,340,6,2
2025-02-16,breakfast,08:45:00,8,45,304,6,2
2025-02-16,breakfast,09:00:00,9,0,286,6,2
2025-02-16,breakfast,09:15:00,9,15,270,6,2
2025-02-16,breakfast,09:30:00,9,30,178,6,2
2025-02-16,dinner,19:30:00,19,30,309,6,2
2025-02-16,dinner,19:45:00,19,45,307,6,2
2025-02-16,dinner,20:00:00,20,0,378,6,2
2025-02-16,dinner,20:15:00,20,15,417,6,2
2025-02-16,dinner,20:30:00,20,30,486,6,2
2025-02-16,dinner,20:45:00,20,45,403,6,2
2025-02-16,dinner,21:00:00,21,0,380,6,2
2025-02-16,dinner,21:15:00,21,15,336,6,2
2025-02-16,dinner,21:30:00,21,30,259,6,2
2025-02-16,lunch,12:30:00,12,30,314,6,2
2025-02-16,lunch,12:45:00,12,45,362,6,2
2025-02-16,lunch,13:00:00,13,0,442,6,2
2025-02-16,lunch,13:15:00,13,15,546,6,2
2025-02-16,lunch,13:30:00,13,30,509,6,2
2025-02-16,lunch,13:45:00,13,45,486,6,2
2025-02-16,lunch,14:00:00,14,0,381,6,2
2025-02-16,lunch,14:15:00,14,15,405,6,2
2025-02-16,lunch,14:30:00,14,30,322,6,2
2025-02-17,breakfast,07:30:00,7,30,185,0,2
2025-02-17,breakfast,07:45:00,7,45,246,0,2
2025-02-17,breakfast,08:00:00,8,0,312,0,2
2025-02-17,breakfast,08:15:00,8,15,278,0,2
2025-02-17,breakfast,08:30:00,8,30,324,0,2
2025-02-17,breakfast,08:45:00,8,45,288,0,2
2025-02-17,breakfast,09:00:00,9,0,316,0,2
2025-02-17,breakfast,09:15:00,9,15,204,0,2
2025-02-17,breakfast,09:30:00,9,30,183,0,2
2025-02-17,dinner,19:30:00,19,30,228,0,2
2025-02-17,dinner,19:45:00,19,45,339,0,2
2025-02-17,dinner,20:00:00,20,0,379,0,2
2025-02-17,dinner,20:15:00,20,15,384,0,2
2025-02-17,dinner,20:30:00,20,30,366,0,2
2025-02-17,dinner,20:45:00,20,45,442,0,2
2025-02-17,dinner,21:00:00,21,0,394,0,2
2025-02-17,dinner,21:15:00,21,15,313,0,2
2025-02-17,dinner,21:30:00,21,30,301,0,2
2025-02-17,lunch,12:30:00,12,30,314,0,2
2025-02-17,lunch,12:45:00,12,45,436,0,2
2025-02-17,lunch,13:00:00,13,0,438,0,2
2025-02-17,lunch,13:15:00,13,15,457,0,2
2025-02-17,lunch,13:30:00,13,30,594,0,2
2025-02-17,lunch,13:45:00,13,45,414,0,2
2025-02-17,lunch,14:00:00,14,0,344,0,2
2025-02-17,lunch,14:15:00,14,15,394,0,2
2025-02-17,lunch,14:30:00,14,30,288,0,2
2025-02-18,breakfast,07:30:00,7,30,173,1,2
2025-02-18,breakfast,07:45:00,7,45,204,1,2
2025-02-18,breakfast,08:00:00,8,0,262,1,2
2025-02-18,breakfast,08:15:00,8,15,308,1,2
2025-02-18,breakfast,08:30:00,8,30,327,1,2
2025-02-18,breakfast,08:45:00,8,45,302,1,2
2025-02-18,breakfast,09:00:00,9,0,292,1,2
2025-02-18,breakfast,09:15:00,9,15,211,1,2
2025-02-18,breakfast,09:30:00,9,30,222,1,2
2025-02-18,dinner,19:30:00,19,30,272,1,2
2025-02-18,dinner,19:45:00,19,45,314,1,2
2025-02-18,dinner,20:00:00,20,0,424,1,2
2025-02-18,dinner,20:15:00,20,15,379,1,2
2025-02-18,dinner,20:30:00,20,30,495,1,2
2025-02-18,dinner,20:45:00,20,45,405,1,2
2025-02-18,dinner,21:00:00,21,0,317,1,2
2025-02-18,dinner,21:15:00,21,15,321,1,2
2025-02-18,dinner,21:30:00,21,30,237,1,2
2025-02-18,lunch,12:30:00,12,30,300,1,2
2025-02-18,lunch,12:45:00,12,45,419,1,2
2025-02-18,lunch,13:00:00,13,0,456,1,2
2025-02-18,lunch,13:15:00,13,15,506,1,2
2025-02-18,lunch,13:30:00,13,30,528,1,2
2025-02-18,lunch,13:45:00,13,45,506,1,2
2025-02-18,lunch,14:00:00,14,0,469,1,2
2025-02-18,lunch,14:15:00,14,15,427,1,2
2025-02-18,lunch,14:30:00,14,30,309,1,2
2025-02-19,breakfast,07:30:00,7,30,210,2,2
2025-02-19,breakfast,07:45:00,7,45,225,2,2
2025-02-19,breakfast,08:00:00,8,0,269,2,2
2025-02-19,breakfast,08:15:00,8,15,251,2,2
2025-02-19,breakfast,08:30:00,8,30,305,2,2
2025-02-19,breakfast,08:45:00,8,45,234,2,2
2025-02-19,breakfast,09:00:00,9,0,237,2,2
2025-02-19,breakfast,09:15:00,9,15,259,2,2
2025-02-19,breakfast,09:30:00,9,30,209,2,2
2025-02-19,dinner,19:30:00,19,30,260,2,2
2025-02-19,dinner,19:45:00,19,45,252,2,2
2025-02-19,dinner,20:00:00,20,0,361,2,2
2025-02-19,dinner,20:15:00,20,15,379,2,2
2025-02-19,dinner,20:30:00,20,30,377,2,2
2025-02-19,dinner,20:45:00,20,45,395,2,2
2025-02-19,dinner,21:00:00,21,0,437,2,2
2025-02-19,dinner,21:15:00,21,15,337,2,2
2025-02-19,dinner,21:30:00,21,30,240,2,2
2025-02-19,lunch,12:30:00,12,30,316,2,2
2025-02-19,lunch,12:45:00,12,45,340,2,2
2025-02-19,lunch,13:00:00,13,0,439,2,2
2025-02-19,lunch,13:15:00,13,15,484,2,2
2025-02-19,lunch,13:30:00,13,30,442,2,2
2025-02-19,lunch,13:45:00,13,45,557,2,2
2025-02-19,lunch,14:00:00,14,0,479,2,2
2025-02-19,lunch,14:15:00,14,15,369,2,2
2025-02-19,lunch,14:30:00,14,30,304,2,2
2025-02-20,breakfast,07:30:00,7,30,205,3,2
2025-02-20,breakfast,07:45:00,7,45,275,3,2
2025-02-20,breakfast,08:00:00,8,0,308,3,2
2025-02-20,breakfast,08:15:00,8,15,312,3,2
2025-02-20,breakfast,08:30:00,8,30,299,3,2
2025-02-20,breakfast,08:45:00,8,45,331,3,2
2025-02-20,breakfast,09:00:00,9,0,293,3,2
2025-02-20,breakfast,09:15:00,9,15,263,3,2
2025-02-20,breakfast,09:30:00,9,30,206,3,2
2025-02-20,dinner,19:30:00,19,30,242,3,2
2025-02-20,dinner,19:45:00,19,45,306,3,2
2025-02-20,dinner,20:00:00,20,0,386,3,2
2025-02-20,dinner,20:15:00,20,15,428,3,2
2025-02-20,dinner,20:30:00,20,30,395,3,2
2025-02-20,dinner,20:45:00,20,45,406,3,2
2025-02-20,dinner,21:00:00,21,0,450,3,2
2025-02-20,dinner,21:15:00,21,15,371,3,2
2025-02-20,dinner,21:30:00,21,30,265,3,2
2025-02-20,lunch,12:30:00,12,30,335,3,2
2025-02-20,lunch,12:45:00,12,45,357,3,2
2025-02-20,lunch,13:00:00,13,0,499,3,2
2025-02-20,lunch,13:15:00,13,15,494,3,2
2025-02-20,lunch,13:30:00,13,30,603,3,2
2025-02-20,lunch,13:45:00,13,45,451,3,2
2025-02-20,lunch,14:00:00,14,0,517,3,2
2025-02-20,lunch,14:15:00,14,15,384,3,2
2025-02-20,lunch,14:30:00,14,30,283,3,2
2025-02-21,breakfast,07:30:00,7,30,194,4,2
2025-02-21,breakfast,07:45:00,7,45,244,4,2
2025-02-21,breakfast,08:00:00,8,0,299,4,2
2025-02-21,breakfast,08:15:00,8,15,278,4,2
2025-02-21,breakfast,08:30:00,8,30,311,4,2
2025-02-21,breakfast,08:45:00,8,45,258,4,2
2025-02-21,breakfast,09:00:00,9,0,293,4,2
2025-02-21,breakfast,09:15:00,9,15,257,4,2
2025-02-21,breakfast,09:30:00,9,30,184,4,2
2025-02-21,dinner,19:30:00,19,30,250,4,2
2025-02-21,dinner,19:45:00,19,45,345,4,2
2025-02-21,dinner,20:00:00,20,0,394,4,2
2025-02-21,dinner,20:15:00,20,15,342,4,2
2025-02-21,dinner,20:30:00,20,30,482,4,2
2025-02-21,dinner,20:45:00,20,45,463,4,2
2025-02-21,dinner,21:00:00,21,0,347,4,2
2025-02-21,dinner,21:15:00,21,15,329,4,2
2025-02-21,dinner,21:30:00,21,30,267,4,2
2025-02-21,lunch,12:30:00,12,30,350,4,2
2025-02-21,lunch,12:45:00,12,45,331,4,2
2025-02-21,lunch,13:00:00,13,0,376,4,2
2025-02-21,lunch,13:15:00,13,15,495,4,2
2025-02-21,lunch,13:30:00,13,30,552,4,2
2025-02-21,lunch,13:45:00,13,45,566,4,2
2025-02-21,lunch,14:00:00,14,0,421,4,2
2025-02-21,lunch,14:15:00,14,15,418,4,2
2025-02-21,lunch,14:30:00,14,30,302,4,2
2025-02-22,breakfast,07:30:00,7,30,199,5,2
2025-02-22,breakfast,07:45:00,7,45,228,5,2
2025-02-22,breakfast,08:00:00,8,0,263,5,2
2025-02-22,breakfast,08:15:00,8,15,309,5,2
2025-02-22,breakfast,08:30:00,8,30,357,5,2
2025-02-22,breakfast,08:45:00,8,45,327,5,2
2025-02-22,breakfast,09:00:00,9,0,271,5,2
2025-02-22,breakfast,09:15:00,9,15,260,5,2
2025-02-22,breakfast,09:30:00,9,30,138,5,2
2025-02-22,dinner,19:30:00,19,30,266,5,2
2025-02-22,dinner,19:45:00,19,45,319,5,2
2025-02-22,dinner,20:00:00,20,0,323,5,2
2025-02-22,dinner,20:15:00,20,15,447,5,2
2025-02-22,dinner,20:30:00,20,30,399,5,2
2025-02-22,dinner,20:45:00,20,45,343,5,2
2025-02-22,dinner,21:00:00,21,0,354,5,2
2025-02-22,dinner,21:15:00,21,15,364,5,2
2025-02-22,dinner,21:30:00,21,30,276,5,2
2025-02-22,lunch,12:30:00,12,30,338,5,2
2025-02-22,lunch,12:45:00,12,45,311,5,2
2025-02-22,lunch,13:00:00,13,0,425,5,2
2025-02-22,lunch,13:15:00,13,15,430,5,2
2025-02-22,lunch,13:30:00,13,30,435,5,2
2025-02-22,lunch,13:45:00,13,45,540,5,2
2025-02-22,lunch,14:00:00,14,0,420,5,2
2025-02-22,lunch,14:15:00,14,15,390,5,2
2025-02-22,lunch,14:30:00,14,30,301,5,2
2025-02-23,breakfast,07:30:00,7,30,187,6,2
2025-02-23,breakfast,07:45:00,7,45,233,6,2
2025-02-23,breakfast,08:00:00,8,0,273,6,2
2025-02-23,breakfast,08:15:00,8,15,374,6,2
2025-02-23,breakfast,08:30:00,8,30,332,6,2
2025-02-23,breakfast,08:45:00,8,45,323,6,2
2025-02-23,breakfast,09:00:00,9,0,311,6,2
2025-02-23,breakfast,09:15:00,9,15,247,6,2
2025-02-23,breakfast,09:30:00,9,30,189,6,2
2025-02-23,dinner,19:30:00,19,30,278,6,2
2025-02-23,dinner,19:45:00,19,45,328,6,2
2025-02-23,dinner,20:00:00,20,0,407,6,2
2025-02-23,dinner,20:15:00,20,15,289,6,2
2025-02-23,dinner,20:30:00,20,30,507,6,2
2025-02-23,dinner,20:45:00,20,45,401,6,2
2025-02-23,dinner,21:00:00,21,0,411,6,2
2025-02-23,dinner,21:15:00,21,15,284,6,2
2025-02-23,dinner,21:30:00,21,30,270,6,2
2025-02-23,lunch,12:30:00,12,30,297,6,2
2025-02-23,lunch,12:45:00,12,45,374,6,2
2025-02-23,lunch,13:00:00,13,0,439,6,2
2025-02-23,lunch,13:15:00,13,15,519,6,2
2025-02-23,lunch,13:30:00,13,30,502,6,2
2025-02-23,lunch,13:45:00,13,45,520,6,2
2025-02-23,lunch,14:00:00,14,0,437,6,2
2025-02-23,lunch,14:15:00,14,15,380,6,2
2025-02-23,lunch,14:30:00,14,30,242,6,2
2025-02-24,breakfast,07:30:00,7,30,173,0,2
2025-02-24,breakfast,07:45:00,7,45,226,0,2
2025-02-24,breakfast,08:00:00,8,0,336,0,2
2025-02-24,breakfast,08:15:00,8,15,304,0,2
2025-02-24,breakfast,08:30:00,8,30,326,0,2
2025-02-24,breakfast,08:45:00,8,45,337,0,2
2025-02-24,breakfast,09:00:00,9,0,296,0,2
2025-02-24,breakfast,09:15:00,9,15,245,0,2
2025-02-24,breakfast,09:30:00,9,30,201,0,2
2025-02-24,dinner,19:30:00,19,30,225,0,2
2025-02-24,dinner,19:45:00,19,45,326,0,2
2025-02-24,dinner,20:00:00,20,0,342,0,2
2025-02-24,dinner,20:15:00,20,15,404,0,2
2025-02-24,dinner,20:30:00,20,30,433,0,2
2025-02-24,dinner,20:45:00,20,45,420,0,2
2025-02-24,dinner,21:00:00,21,0,386,0,2
2025-02-24,dinner,21:15:00,21,15,368,0,2
2025-02-24,dinner,21:30:00,21,30,266,0,2
2025-02-24,lunch,12:30:00,12,30,376,0,2
2025-02-24,lunch,12:45:00,12,45,375,0,2
2025-02-24,lunch,13:00:00,13,0,450,0,2
2025-02-24,lunch,13:15:00,13,15,535,0,2
2025-02-24,lunch,13:30:00,13,30,555,0,2
2025-02-24,lunch,13:45:00,13,45,542,0,2
2025-02-24,lunch,14:00:00,14,0,469,0,2
2025-02-24,lunch,14:15:00,14,15,334,0,2
2025-02-24,lunch,14:30:00,14,30,352,0,2
2025-02-25,breakfast,07:30:00,7,30,189,1,2
2025-02-25,breakfast,07:45:00,7,45,264,1,2
2025-02-25,breakfast,08:00:00,8,0,315,1,2
2025-02-25,breakfast,08:15:00,8,15,272,1,2
2025-02-25,breakfast,08:30:00,8,30,339,1,2
2025-02-25,breakfast,08:45:00,8,45,331,1,2
2025-02-25,breakfast,09:00:00,9,0,273,1,2
2025-02-25,breakfast,09:15:00,9,15,274,1,2
2025-02-25,breakfast,09:30:00,9,30,191,1,2
2025-02-25,dinner,19:30:00,19,30,238,1,2
2025-02-25,dinner,19:45:00,19,45,275,1,2
2025-02-25,dinner,20:00:00,20,0,431,1,2
2025-02-25,dinner,20:15:00,20,15,448,1,2
2025-02-25,dinner,20:30:00,20,30,391,1,2
2025-02-25,dinner,20:45:00,20,45,498,1,2
2025-02-25,dinner,21:00:00,21,0,407,1,2
2025-02-25,dinner,21:15:00,21,15,306,1,2
2025-02-25,dinner,21:30:00,21,30,191,1,2
2025-02-25,lunch,12:30:00,12,30,307,1,2
2025-02-25,lunch,12:45:00,12,45,370,1,2
2025-02-25,lunch,13:00:00,13,0,441,1,2
2025-02-25,lunch,13:15:00,13,15,431,1,2
2025-02-25,lunch,13:30:00,13,30,427,1,2
2025-02-25,lunch,13:45:00,13,45,561,1,2
2025-02-25,lunch,14:00:00,14,0,403,1,2
2025-02-25,lunch,14:15:00,14,15,340,1,2
2025-02-25,lunch,14:30:00,14,30,237,1,2
2025-02-26,breakfast,07:30:00,7,30,238,2,2
2025-02-26,breakfast,07:45:00,7,45,207,2,2
2025-02-26,breakfast,08:00:00,8,0,235,2,2
2025-02-26,breakfast,08:15:00,8,15,341,2,2
2025-02-26,breakfast,08:30:00,8,30,398,2,2
2025-02-26,breakfast,08:45:00,8,45,353,2,2
2025-02-26,breakfast,09:00:00,9,0,298,2,2
2025-02-26,breakfast,09:15:00,9,15,255,2,2
2025-02-26,breakfast,09:30:00,9,30,210,2,2
2025-02-26,dinner,19:30:00,19,30,226,2,2
2025-02-26,dinner,19:45:00,19,45,322,2,2
2025-02-26,dinner,20:00:00,20,0,422,2,2
2025-02-26,dinner,20:15:00,20,15,444,2,2
2025-02-26,dinner,20:30:00,20,30,354,2,2
2025-02-26,dinner,20:45:00,20,45,366,2,2
2025-02-26,dinner,21:00:00,21,0,405,2,2
2025-02-26,dinner,21:15:00,21,15,285,2,2
2025-02-26,dinner,21:30:00,21,30,249,2,2
2025-02-26,lunch,12:30:00,12,30,326,2,2
2025-02-26,lunch,12:45:00,12,45,388,2,2
2025-02-26,lunch,13:00:00,13,0,445,2,2
2025-02-26,lunch,13:15:00,13,15,481,2,2
2025-02-26,lunch,13:30:00,13,30,462,2,2
2025-02-26,lunch,13:45:00,13,45,471,2,2
2025-02-26,lunch,14:00:00,14,0,366,2,2
2025-02-26,lunch,14:15:00,14,15,373,2,2
2025-02-26,lunch,14:30:00,14,30,273,2,2
2025-02-27,breakfast,07:30:00,7,30,204,3,2
2025-02-27,breakfast,07:45:00,7,45,218,3,2
2025-02-27,breakfast,08:00:00,8,0,285,3,2
2025-02-27,breakfast,08:15:00,8,15,268,3,2
2025-02-27,breakfast,08:30:00,8,30,300,3,2
2025-02-27,breakfast,08:45:00,8,45,320,3,2
2025-02-27,breakfast,09:00:00,9,0,237,3,2
2025-02-27,breakfast,09:15:00,9,15,252,3,2
2025-02-27,breakfast,09:30:00,9,30,193,3,2
2025-02-27,dinner,19:30:00,19,30,236,3,2
2025-02-27,dinner,19:45:00,19,45,296,3,2
2025-02-27,dinner,20:00:00,20,0,318,3,2
2025-02-27,dinner,20:15:00,20,15,478,3,2
2025-02-27,dinner,20:30:00,20,30,367,3,2
2025-02-27,dinner,20:45:00,20,45,378,3,2
2025-02-27,dinner,21:00:00,21,0,344,3,2
2025-02-27,dinner,21:15:00,21,15,345,3,2
2025-02-27,dinner,21:30:00,21,30,247,3,2
2025-02-27,lunch,12:30:00,12,30,320,3,2
2025-02-27,lunch,12:45:00,12,45,385,3,2
2025-02-27,lunch,13:00:00,13,0,501,3,2
2025-02-27,lunch,13:15:00,13,15,490,3,2
2025-02-27,lunch,13:30:00,13,30,478,3,2
2025-02-27,lunch,13:45:00,13,45,490,3,2
2025-02-27,lunch,14:00:00,14,0,465,3,2
2025-02-27,lunch,14:15:00,14,15,379,3,2
2025-02-27,lunch,14:30:00,14,30,304,3,2
2025-02-28,breakfast,07:30:00,7,30,218,4,2
2025-02-28,breakfast,07:45:00,7,45,225,4,2
2025-02-28,breakfast,08:00:00,8,0,290,4,2
2025-02-28,breakfast,08:15:00,8,15,284,4,2
2025-02-28,breakfast,08:30:00,8,30,388,4,2
2025-02-28,breakfast,08:45:00,8,45,273,4,2
2025-02-28,breakfast,09:00:00,9,0,291,4,2
2025-02-28,breakfast,09:15:00,9,15,256,4,2
2025-02-28,breakfast,09:30:00,9,30,202,4,2
2025-02-28,dinner,19:30:00,19,30,320,4,2
2025-02-28,dinner,19:45:00,19,45,291,4,2
2025-02-28,dinner,20:00:00,20,0,431,4,2
2025-02-28,dinner,20:15:00,20,15,475,4,2
2025-02-28,dinner,20:30:00,20,30,396,4,2
2025-02-28,dinner,20:45:00,20,45,430,4,2
2025-02-28,dinner,21:00:00,21,0,431,4,2
2025-02-28,dinner,21:15:00,21,15,305,4,2
2025-02-28,dinner,21:30:00,21,30,249,4,2
2025-02-28,lunch,12:30:00,12,30,297,4,2
2025-02-28,lunch,12:45:00,12,45,372,4,2
2025-02-28,lunch,13:00:00,13,0,443,4,2
2025-02-28,lunch,13:15:00,13,15,477,4,2
2025-02-28,lunch,13:30:00,13,30,548,4,2
2025-02-28,lunch,13:45:00,13,45,591,4,2
2025-02-28,lunch,14:00:00,14,0,416,4,2
2025-02-28,lunch,14:15:00,14,15,325,4,2
2025-02-28,lunch,14:30:00,14,30,300,4,2
2025-03-01,breakfast,07:30:00,7,30,182,5,3
2025-03-01,breakfast,07:45:00,7,45,217,5,3
2025-03-01,breakfast,08:00:00,8,0,264,5,3
2025-03-01,breakfast,08:15:00,8,15,272,5,3
2025-03-01,breakfast,08:30:00,8,30,321,5,3
2025-03-01,breakfast,08:45:00,8,45,286,5,3
2025-03-01,breakfast,09:00:00,9,0,289,5,3
2025-03-01,breakfast,09:15:00,9,15,203,5,3
2025-03-01,breakfast,09:30:00,9,30,200,5,3
2025-03-01,dinner,19:30:00,19,30,268,5,3
2025-03-01,dinner,19:45:00,19,45,319,5,3
2025-03-01,dinner,20:00:00,20,0,390,5,3
2025-03-01,dinner,20:15:00,20,15,369,5,3
2025-03-01,dinner,20:30:00,20,30,427,5,3
2025-03-01,dinner,20:45:00,20,45,349,5,3
2025-03-01,dinner,21:00:00,21,0,366,5,3
2025-03-01,dinner,21:15:00,21,15,288,5,3
2025-03-01,dinner,21:30:00,21,30,236,5,3
2025-03-01,lunch,12:30:00,12,30,328,5,3
2025-03-01,lunch,12:45:00,12,45,302,5,3
2025-03-01,lunch,13:00:00,13,0,457,5,3
2025-03-01,lunch,13:15:00,13,15,544,5,3
2025-03-01,lunch,13:30:00,13,30,439,5,3
2025-03-01,lunch,13:45:00,13,45,565,5,3
2025-03-01,lunch,14:00:00,14,0,459,5,3
2025-03-01,lunch,14:15:00,14,15,350,5,3
2025-03-01,lunch,14:30:00,14,30,301,5,3
2025-03-02,breakfast,07:30:00,7,30,218,6,3
2025-03-02,breakfast,07:45:00,7,45,267,6,3
2025-03-02,breakfast,08:00:00,8,0,299,6,3
2025-03-02,breakfast,08:15:00,8,15,276,6,3
2025-03-02,breakfast,08:30:00,8,30,309,6,3
2025-03-02,breakfast,08:45:00,8,45,347,6,3
2025-03-02,breakfast,09:00:00,9,0,286,6,3
2025-03-02,breakfast,09:15:00,9,15,297,6,3
2025-03-02,breakfast,09:30:00,9,30,201,6,3
2025-03-02,dinner,19:30:00,19,30,267,6,3
2025-03-02,dinner,19:45:00,19,45,282,6,3
2025-03-02,dinner,20:00:00,20,0,290,6,3
2025-03-02,dinner,20:15:00,20,15,422,6,3
2025-03-02,dinner,20:30:00,20,30,524,6,3
2025-03-02,dinner,20:45:00,20,45,406,6,3
2025-03-02,dinner,21:00:00,21,0,401,6,3
2025-03-02,dinner,21:15:00,21,15,319,6,3
2025-03-02,dinner,21:30:00,21,30,252,6,3
2025-03-02,lunch,12:30:00,12,30,309,6,3
2025-03-02,lunch,12:45:00,12,45,365,6,3
2025-03-02,lunch,13:00:00,13,0,447,6,3
2025-03-02,lunch,13:15:00,13,15,477,6,3
2025-03-02,lunch,13:30:00,13,30,535,6,3
2025-03-02,lunch,13:45:00,13,45,530,6,3
2025-03-02,lunch,14:00:00,14,0,406,6,3
2025-03-02,lunch,14:15:00,14,15,327,6,3
2025-03-02,lunch,14:30:00,14,30,247,6,3
2025-03-03,breakfast,07:30:00,7,30,211,0,3
2025-03-03,breakfast,07:45:00,7,45,234,0,3
2025-03-03,breakfast,08:00:00,8,0,289,0,3
2025-03-03,breakfast,08:15:00,8,15,320,0,3
2025-03-03,breakfast,08:30:00,8,30,298,0,3
2025-03-03,breakfast,08:45:00,8,45,340,0,3
2025-03-03,breakfast,09:00:00,9,0,277,0,3
2025-03-03,breakfast,09:15:00,9,15,223,0,3
2025-03-03,breakfast,09:30:00,9,30,204,0,3
2025-03-03,dinner,19:30:00,19,30,255,0,3
2025-03-03,dinner,19:45:00,19,45,275,0,3
2025-03-03,dinner,20:00:00,20,0,331,0,3
2025-03-03,dinner,20:15:00,20,15,394,0,3
2025-03-03,dinner,20:30:00,20,30,394,0,3
2025-03-03,dinner,20:45:00,20,45,399,0,3
2025-03-03,dinner,21:00:00,21,0,372,0,3
2025-03-03,dinner,21:15:00,21,15,333,0,3
2025-03-03,dinner,21:30:00,21,30,252,0,3
2025-03-03,lunch,12:30:00,12,30,276,0,3
2025-03-03,lunch,12:45:00,12,45,378,0,3
2025-03-03,lunch,13:00:00,13,0,440,0,3
2025-03-03,lunch,13:15:00,13,15,537,0,3
2025-03-03,lunch,13:30:00,13,30,523,0,3
2025-03-03,lunch,13:45:00,13,45,483,0,3
2025-03-03,lunch,14:00:00,14,0,477,0,3
2025-03-03,lunch,14:15:00,14,15,429,0,3
2025-03-03,lunch,14:30:00,14,30,320,0,3
2025-03-04,breakfast,07:30:00,7,30,203,1,3
2025-03-04,breakfast,07:45:00,7,45,243,1,3
2025-03-04,breakfast,08:00:00,8,0,226,1,3
2025-03-04,breakfast,08:15:00,8,15,281,1,3
2025-03-04,breakfast,08:30:00,8,30,315,1,3
2025-03-04,breakfast,08:45:00,8,45,272,1,3
2025-03-04,breakfast,09:00:00,9,0,299,1,3
2025-03-04,breakfast,09:15:00,9,15,278,1,3
2025-03-04,breakfast,09:30:00,9,30,217,1,3
2025-03-04,dinner,19:30:00,19,30,254,1,3
2025-03-04,dinner,19:45:00,19,45,330,1,3
2025-03-04,dinner,20:00:00,20,0,414,1,3
2025-03-04,dinner,20:15:00,20,15,445,1,3
2025-03-04,dinner,20:30:00,20,30,357,1,3
2025-03-04,dinner,20:45:00,20,45,303,1,3
2025-03-04,dinner,21:00:00,21,0,405,1,3
2025-03-04,dinner,21:15:00,21,15,273,1,3
2025-03-04,dinner,21:30:00,21,30,249,1,3
2025-03-04,lunch,12:30:00,12,30,296,1,3
2025-03-04,lunch,12:45:00,12,45,433,1,3
2025-03-04,lunch,13:00:00,13,0,447,1,3
2025-03-04,lunch,13:15:00,13,15,468,1,3
2025-03-04,lunch,13:30:00,13,30,469,1,3
2025-03-04,lunch,13:45:00,13,45,469,1,3
2025-03-04,lunch,14:00:00,14,0,424,1,3
2025-03-04,lunch,14:15:00,14,15,383,1,3
2025-03-04,lunch,14:30:00,14,30,308,1,3
2025-03-05,breakfast,07:30:00,7,30,171,2,3
2025-03-05,breakfast,07:45:00,7,45,198,2,3
2025-03-05,breakfast,08:00:00,8,0,297,2,3
2025-03-05,breakfast,08:15:00,8,15,333,2,3
2025-03-05,breakfast,08:30:00,8,30,301,2,3
2025-03-05,breakfast,08:45:00,8,45,229,2,3
2025-03-05,breakfast,09:00:00,9,0,266,2,3
2025-03-05,breakfast,09:15:00,9,15,251,2,3
2025-03-05,breakfast,09:30:00,9,30,165,2,3
2025-03-05,dinner,19:30:00,19,30,243,2,3
2025-03-05,dinner,19:45:00,19,45,288,2,3
2025-03-05,dinner,20:00:00,20,0,364,2,3
2025-03-05,dinner,20:15:00,20,15,476,2,3
2025-03-05,dinner,20:30:00,20,30,362,2,3
2025-03-05,dinner,20:45:00,20,45,341,2,3
2025-03-05,dinner,21:00:00,21,0,425,2,3
2025-03-05,dinner,21:15:00,21,15,310,2,3
2025-03-05,dinner,21:30:00,21,30,237,2,3
2025-03-05,lunch,12:30:00,12,30,308,2,3
2025-03-05,lunch,12:45:00,12,45,376,2,3
2025-03-05,lunch,13:00:00,13,0,466,2,3
2025-03-05,lunch,13:15:00,13,15,490,2,3
2025-03-05,lunch,13:30:00,13,30,451,2,3
2025-03-05,lunch,13:45:00,13,45,542,2,3
2025-03-05,lunch,14:00:00,14,0,434,2,3
2025-03-05,lunch,14:15:00,14,15,376,2,3
2025-03-05,lunch,14:30:00,14,30,274,2,3
2025-03-06,breakfast,07:30:00,7,30,214,3,3
2025-03-06,breakfast,07:45:00,7,45,226,3,3
2025-03-06,breakfast,08:00:00,8,0,333,3,3
2025-03-06,breakfast,08:15:00,8,15,331,3,3
2025-03-06,breakfast,08:30:00,8,30,304,3,3
2025-03-06,breakfast,08:45:00,8,45,377,3,3
2025-03-06,breakfast,09:00:00,9,0,265,3,3
2025-03-06,breakfast,09:15:00,9,15,259,3,3
2025-03-06,breakfast,09:30:00,9,30,199,3,3
2025-03-06,dinner,19:30:00,19,30,259,3,3
2025-03-06,dinner,19:45:00,19,45,274,3,3
2025-03-06,dinner,20:00:00,20,0,334,3,3
2025-03-06,dinner,20:15:00,20,15,455,3,3
2025-03-06,dinner,20:30:00,20,30,392,3,3
2025-03-06,dinner,20:45:00,20,45,364,3,3
2025-03-06,dinner,21:00:00,21,0,390,3,3
2025-03-06,dinner,21:15:00,21,15,354,3,3
2025-03-06,dinner,21:30:00,21,30,273,3,3
2025-03-06,lunch,12:30:00,12,30,342,3,3
2025-03-06,lunch,12:45:00,12,45,436,3,3
2025-03-06,lunch,13:00:00,13,0,442,3,3
2025-03-06,lunch,13:15:00,13,15,448,3,3
2025-03-06,lunch,13:30:00,13,30,522,3,3
2025-03-06,lunch,13:45:00,13,45,451,3,3
2025-03-06,lunch,14:00:00,14,0,530,3,3
2025-03-06,lunch,14:15:00,14,15,382,3,3
2025-03-06,lunch,14:30:00,14,30,292,3,3
2025-03-07,breakfast,07:30:00,7,30,213,4,3
2025-03-07,breakfast,07:45:00,7,45,223,4,3
2025-03-07,breakfast,08:00:00,8,0,242,4,3
2025-03-07,breakfast,08:15:00,8,15,356,4,3
2025-03-07,breakfast,08:30:00,8,30,309,4,3
2025-03-07,breakfast,08:45:00,8,45,302,4,3
2025-03-07,breakfast,09:00:00,9,0,319,4,3
2025-03-07,breakfast,09:15:00,9,15,254,4,3
2025-03-07,breakfast,09:30:00,9,30,202,4,3
2025-03-07,dinner,19:30:00,19,30,245,4,3
2025-03-07,dinner,19:45:00,19,45,290,4,3
2025-03-07,dinner,20:00:00,20,0,331,4,3
2025-03-07,dinner,20:15:00,20,15,327,4,3
2025-03-07,dinner,20:30:00,20,30,506,4,3
2025-03-07,dinner,20:45:00,20,45,362,4,3
2025-03-07,dinner,21:00:00,21,0,362,4,3
2025-03-07,dinner,21:15:00,21,15,308,4,3
2025-03-07,dinner,21:30:00,21,30,262,4,3
2025-03-07,lunch,12:30:00,12,30,368,4,3
2025-03-07,lunch,12:45:00,12,45,353,4,3
2025-03-07,lunch,13:00:00,13,0,482,4,3
2025-03-07,lunch,13:15:00,13,15,487,4,3
2025-03-07,lunch,13:30:00,13,30,513,4,3
2025-03-07,lunch,13:45:00,13,45,558,4,3
2025-03-07,lunch,14:00:00,14,0,463,4,3
2025-03-07,lunch,14:15:00,14,15,397,4,3
2025-03-07,lunch,14:30:00,14,30,335,4,3
2025-03-08,breakfast,07:30:00,7,30,209,5,3
2025-03-08,breakfast,07:45:00,7,45,262,5,3
2025-03-08,breakfast,08:00:00,8,0,265,5,3
2025-03-08,breakfast,08:15:00,8,15,304,5,3
2025-03-08,breakfast,08:30:00,8,30,329,5,3
2025-03-08,breakfast,08:45:00,8,45,302,5,3
2025-03-08,breakfast,09:00:00,9,0,327,5,3
2025-03-08,breakfast,09:15:00,9,15,253,5,3
2025-03-08,breakfast,09:30:00,9,30,208,5,3
2025-03-08,dinner,19:30:00,19,30,255,5,3
2025-03-08,dinner,19:45:00,19,45,326,5,3
2025-03-08,dinner,20:00:00,20,0,433,5,3
2025-03-08,dinner,20:15:00,20,15,416,5,3
2025-03-08,dinner,20:30:00,20,30,529,5,3
2025-03-08,dinner,20:45:00,20,45,430,5,3
2025-03-08,dinner,21:00:00,21,0,305,5,3
2025-03-08,dinner,21:15:00,21,15,340,5,3
2025-03-08,dinner,21:30:00,21,30,264,5,3
2025-03-08,lunch,12:30:00,12,30,323,5,3
2025-03-08,lunch,12:45:00,12,45,421,5,3
2025-03-08,lunch,13:00:00,13,0,449,5,3
2025-03-08,lunch,13:15:00,13,15,421,5,3
2025-03-08,lunch,13:30:00,13,30,519,5,3
2025-03-08,lunch,13:45:00,13,45,453,5,3
2025-03-08,lunch,14:00:00,14,0,417,5,3
2025-03-08,lunch,14:15:00,14,15,399,5,3
2025-03-08,lunch,14:30:00,14,30,340,5,3
2025-03-09,breakfast,07:30:00,7,30,219,6,3
2025-03-09,breakfast,07:45:00,7,45,257,6,3
2025-03-09,breakfast,08:00:00,8,0,278,6,3
2025-03-09,breakfast,08:15:00,8,15,272,6,3
2025-03-09,breakfast,08:30:00,8,30,313,6,3
2025-03-09,breakfast,08:45:00,8,45,283,6,3
2025-03-09,breakfast,09:00:00,9,0,266,6,3
2025-03-09,breakfast,09:15:00,9,15,255,6,3
2025-03-09,breakfast,09:30:00,9,30,226,6,3
2025-03-09,dinner,19:30:00,19,30,251,6,3
2025-03-09,dinner,19:45:00,19,45,330,6,3
2025-03-09,dinner,20:00:00,20,0,337,6,3
2025-03-09,dinner,20:15:00,20,15,389,6,3
2025-03-09,dinner,20:30:00,20,30,450,6,3
2025-03-09,dinner,20:45:00,20,45,391,6,3
2025-03-09,dinner,21:00:00,21,0,434,6,3
2025-03-09,dinner,21:15:00,21,15,304,6,3
2025-03-09,dinner,21:30:00,21,30,260,6,3
2025-03-09,lunch,12:30:00,12,30,315,6,3
2025-03-09,lunch,12:45:00,12,45,332,6,3
2025-03-09,lunch,13:00:00,13,0,460,6,3
2025-03-09,lunch,13:15:00,13,15,542,6,3
2025-03-09,lunch,13:30:00,13,30,469,6,3
2025-03-09,lunch,13:45:00,13,45,478,6,3
2025-03-09,lunch,14:00:00,14,0,441,6,3
2025-03-09,lunch,14:15:00,14,15,347,6,3
2025-03-09,lunch,14:30:00,14,30,322,6,3
2025-03-10,breakfast,07:30:00,7,30,212,0,3
2025-03-10,breakfast,07:45:00,7,45,207,0,3
2025-03-10,breakfast,08:00:00,8,0,232,0,3
2025-03-10,breakfast,08:15:00,8,15,262,0,3
2025-03-10,breakfast,08:30:00,8,30,360,0,3
2025-03-10,breakfast,08:45:00,8,45,293,0,3
2025-03-10,breakfast,09:00:00,9,0,354,0,3
2025-03-10,breakfast,09:15:00,9,15,227,0,3
2025-03-10,breakfast,09:30:00,9,30,197,0,3
2025-03-10,dinner,19:30:00,19,30,254,0,3
2025-03-10,dinner,19:45:00,19,45,311,0,3
2025-03-10,dinner,20:00:00,20,0,353,0,3
2025-03-10,dinner,20:15:00,20,15,435,0,3
2025-03-10,dinner,20:30:00,20,30,460,0,3
2025-03-10,dinner,20:45:00,20,45,410,0,3
2025-03-10,dinner,21:00:00,21,0,425,0,3
2025-03-10,dinner,21:15:00,21,15,280,0,3
2025-03-10,dinner,21:30:00,21,30,249,0,3
2025-03-10,lunch,12:30:00,12,30,350,0,3
2025-03-10,lunch,12:45:00,12,45,453,0,3
2025-03-10,lunch,13:00:00,13,0,532,0,3
2025-03-10,lunch,13:15:00,13,15,543,0,3
2025-03-10,lunch,13:30:00,13,30,551,0,3
2025-03-10,lunch,13:45:00,13,45,513,0,3
2025-03-10,lunch,14:00:00,14,0,475,0,3
2025-03-10,lunch,14:15:00,14,15,356,0,3
2025-03-10,lunch,14:30:00,14,30,278,0,3
2025-03-11,breakfast,07:30:00,7,30,180,1,3
2025-03-11,breakfast,07:45:00,7,45,196,1,3
2025-03-11,breakfast,08:00:00,8,0,280,1,3
2025-03-11,breakfast,08:15:00,8,15,306,1,3
2025-03-11,breakfast,08:30:00,8,30,368,1,3
2025-03-11,breakfast,08:45:00,8,45,329,1,3
2025-03-11,breakfast,09:00:00,9,0,253,1,3
2025-03-11,breakfast,09:15:00,9,15,286,1,3
2025-03-11,breakfast,09:30:00,9,30,217,1,3
2025-03-11,dinner,19:30:00,19,30,258,1,3
2025-03-11,dinner,19:45:00,19,45,260,1,3
2025-03-11,dinner,20:00:00,20,0,382,1,3
2025-03-11,dinner,20:15:00,20,15,401,1,3
2025-03-11,dinner,20:30:00,20,30,400,1,3
2025-03-11,dinner,20:45:00,20,45,342,1,3
2025-03-11,dinner,21:00:00,21,0,389,1,3
2025-03-11,dinner,21:15:00,21,15,300,1,3
2025-03-11,dinner,21:30:00,21,30,224,1,3
2025-03-11,lunch,12:30:00,12,30,320,1,3
2025-03-11,lunch,12:45:00,12,45,368,1,3
2025-03-11,lunch,13:00:00,13,0,398,1,3
2025-03-11,lunch,13:15:00,13,15,466,1,3
2025-03-11,lunch,13:30:00,13,30,554,1,3
2025-03-11,lunch,13:45:00,13,45,575,1,3
2025-03-11,lunch,14:00:00,14,0,509,1,3
2025-03-11,lunch,14:15:00,14,15,358,1,3
2025-03-11,lunch,14:30:00,14,30,269,1,3
2025-03-12,breakfast,07:30:00,7,30,138,2,3
2025-03-12,breakfast,07:45:00,7,45,240,2,3
2025-03-12,breakfast,08:00:00,8,0,332,2,3
2025-03-12,breakfast,08:15:00,8,15,361,2,3
2025-03-12,breakfast,08:30:00,8,30,305,2,3
2025-03-12,breakfast,08:45:00,8,45,291,2,3
2025-03-12,breakfast,09:00:00,9,0,295,2,3
2025-03-12,breakfast,09:15:00,9,15,217,2,3
2025-03-12,breakfast,09:30:00,9,30,199,2,3
2025-03-12,dinner,19:30:00,19,30,234,2,3
2025-03-12,dinner,19:45:00,19,45,364,2,3
2025-03-12,dinner,20:00:00,20,0,360,2,3
2025-03-12,dinner,20:15:00,20,15,406,2,3
2025-03-12,dinner,20:30:00,20,30,388,2,3
2025-03-12,dinner,20:45:00,20,45,308,2,3
2025-03-12,dinner,21:00:00,21,0,403,2,3
2025-03-12,dinner,21:15:00,21,15,340,2,3
2025-03-12,dinner,21:30:00,21,30,247,2,3
2025-03-12,lunch,12:30:00,12,30,326,2,3
2025-03-12,lunch,12:45:00,12,45,423,2,3
2025-03-12,lunch,13:00:00,13,0,436,2,3
2025-03-12,lunch,13:15:00,13,15,474,2,3
2025-03-12,lunch,13:30:00,13,30,456,2,3
2025-03-12,lunch,13:45:00,13,45,444,2,3
2025-03-12,lunch,14:00:00,14,0,431,2,3
2025-03-12,lunch,14:15:00,14,15,391,2,3
2025-03-12,lunch,14:30:00,14,30,330,2,3
2025-03-13,breakfast,07:30:00,7,30,195,3,3
2025-03-13,breakfast,07:45:00,7,45,254,3,3
2025-03-13,breakfast,08:00:00,8,0,238,3,3
2025-03-13,breakfast,08:15:00,8,15,293,3,3
2025-03-13,breakfast,08:30:00,8,30,345,3,3
2025-03-13,breakfast,08:45:00,8,45,271,3,3
2025-03-13,breakfast,09:00:00,9,0,290,3,3
2025-03-13,breakfast,09:15:00,9,15,208,3,3
2025-03-13,breakfast,09:30:00,9,30,203,3,3
2025-03-13,dinner,19:30:00,19,30,265,3,3
2025-03-13,dinner,19:45:00,19,45,339,3,3
2025-03-13,dinner,20:00:00,20,0,377,3,3
2025-03-13,dinner,20:15:00,20,15,392,3,3
2025-03-13,dinner,20:30:00,20,30,385,3,3
2025-03-13,dinner,20:45:00,20,45,410,3,3
2025-03-13,dinner,21:00:00,21,0,330,3,3
2025-03-13,dinner,21:15:00,21,15,224,3,3
2025-03-13,dinner,21:30:00,21,30,265,3,3
2025-03-13,lunch,12:30:00,12,30,302,3,3
2025-03-13,lunch,12:45:00,12,45,316,3,3
2025-03-13,lunch,13:00:00,13,0,492,3,3
2025-03-13,lunch,13:15:00,13,15,449,3,3
2025-03-13,lunch,13:30:00,13,30,459,3,3
2025-03-13,lunch,13:45:00,13,45,494,3,3
2025-03-13,lunch,14:00:00,14,0,491,3,3
2025-03-13,lunch,14:15:00,14,15,339,3,3
2025-03-13,lunch,14:30:00,14,30,305,3,3
2025-03-14,breakfast,07:30:00,7,30,211,4,3
2025-03-14,breakfast,07:45:00,7,45,184,4,3
2025-03-14,breakfast,08:00:00,8,0,253,4,3
2025-03-14,breakfast,08:15:00,8,15,329,4,3
2025-03-14,breakfast,08:30:00,8,30,385,4,3
2025-03-14,breakfast,08:45:00,8,45,310,4,3
2025-03-14,breakfast,09:00:00,9,0,261,4,3
2025-03-14,breakfast,09:15:00,9,15,237,4,3
2025-03-14,breakfast,09:30:00,9,30,220,4,3
2025-03-14,dinner,19:30:00,19,30,214,4,3
2025-03-14,dinner,19:45:00,19,45,345,4,3
2025-03-14,dinner,20:00:00,20,0,367,4,3
2025-03-14,dinner,20:15:00,20,15,399,4,3
2025-03-14,dinner,20:30:00,20,30,554,4,3
2025-03-14,dinner,20:45:00,20,45,419,4,3
2025-03-14,dinner,21:00:00,21,0,342,4,3
2025-03-14,dinner,21:15:00,21,15,303,4,3
2025-03-14,dinner,21:30:00,21,30,283,4,3
2025-03-14,lunch,12:30:00,12,30,283,4,3
2025-03-14,lunch,12:45:00,12,45,347,4,3
2025-03-14,lunch,13:00:00,13,0,419,4,3
2025-03-14,lunch,13:15:00,13,15,438,4,3
2025-03-14,lunch,13:30:00,13,30,506,4,3
2025-03-14,lunch,13:45:00,13,45,563,4,3
2025-03-14,lunch,14:00:00,14,0,455,4,3
2025-03-14,lunch,14:15:00,14,15,367,4,3
2025-03-14,lunch,14:30:00,14,30,294,4,3
